,subreddit,title,selftext
0,ProductReviews,Kingston DataTraveler Exodia 32GB USB 3.2 Flash Drive Review,"&amp;#x200B;

https://preview.redd.it/6l2ty53vexh91.jpg?width=597&amp;format=pjpg&amp;auto=webp&amp;s=1199c1500033e3cdab17434219165e9c864a28be

 Kingston DataTraveler Exodia is an affordable USB drive for daily data needs. Around $4 price label makes it very affordable, but what about performance? We have tested and [reviewed Kingston Exodia](https://www.izreview.com/kingston-datatraveler-exodia-32gb-usb-3-2-flash-drive-review/) 32GB USB Flash Drive in detail."
1,ProductReviews,Farmer Leaf Huey Wa Big Trees Tea Review - Professional Tea Taster,
2,ProductReviews,Cooking boxed cake mix in the microwave review,
3,ProductReviews,"2014 Hai Lang Hao ""Glorious Years"" Bu Lang Raw Puerh Tea Cake Review - Professional Tea Taster",
4,ProductReviews,Paper VS Styrofoam airplanes,
5,ProductReviews,Dolly Parton/Duncan Hines frosting review/ INTERVIEW with DOLLY PARTON!,
6,ProductReviews,SwitchBot Pan &amp; Tilt Indoor Camera Review - Like the video if you thought it was good,
7,ProductReviews,Brita Flow Water Filter Tank Review | Trusted Reviews,"&amp;#x200B;

https://preview.redd.it/rcxdqiurzt691.jpg?width=556&amp;format=pjpg&amp;auto=webp&amp;s=a573257785814bd1e927e52b9edc6383e305faf7

[Brita Flow Water Tank](https://www.izreview.com/brita-flow-water-filter-tank-review/) is designed to filter tap water into quality drinking water. There are many similar filter jugs, like [**Brita Marella**](https://www.izreview.com/brita-marella-water-filter-jugs-review/), [**Aluna**](https://www.izreview.com/brita-aluna-water-filter-jug-review/) or [**Aquaphor Amethyst**](https://www.izreview.com/aquaphor-amethyst-maxfor-water-jug-review/). But Brita flow is different! It has a huge water tank capacity. That capacity makes it ideal for large families and small businesses. 

See Full Review..

[https://www.izreview.com/brita-flow-water-filter-tank-review/](https://www.izreview.com/brita-flow-water-filter-tank-review/)"
8,ProductReviews,"Jabra Elite 7 Pro Review: ""Like"" on YouTube if you Enjoyed",
9,ProductReviews,"IceJungle Undercounter Drawer Refrigerator Review: ""Like"" on YouTube if you Enjoyed",
10,ProductReviews,"Waretary Cat Litter Mat Review - Leave a ""Like"" if you though the video is good",
11,ProductReviews,RELIEVE HEADACHES LIKE A BOSS - Bob and Brad Eye Massager Review,
12,ProductReviews,BEST STYLISH USB HUB - Intpw 10 Port USB Powered Hub Review,
13,ProductReviews,Great Value brand coffee VS Cocaine!,
14,ProductReviews,AFFORDABLE ANC EARBUDS ANY GOOD? - Tecno Hipods H3 Earbuds Review (Give me a Like or Sub if you think it's good),
15,ProductReviews,STYLISH PRO NINTENDO SWITCH CONTROLLER - NYXI Ice Cracking Wireless Pro Switch Controller Review,
16,ProductReviews,"review of Clover, SC McDonald's",
17,ProductReviews,EASY TO USE DYNAMIC CUPPING THERAPY DEVICE - RecoverFun Aircup Review,
18,ProductReviews,A COOL PLACE TO REST YOUR HEAD - Arc Chill Cooling Pillow Cases Review,
19,ProductReviews,SPRAY ON DEODORANT WORTH IT? - Degree MotionSense UltraClear Deodorant Spray Review,"Degree MotionSense Antiperspirant Deodorant Dry Spray comes in a spray-on application for both men and women.  It offers 72-hour protection and instantly drys which makes it ideal for not staining black and white clothing.  Check out the video for my full thoughts. 

[YouTube Video Review](https://youtu.be/UUMnRF17VKY)"
20,ProductReviews,MAKE HOT COFFEE ON THE GO - ESPSCOFE Portable Espresso Maker Review,
21,ProductReviews,SOUND MACHINE &amp; ALARM CLOCK IN ONE - AHZ Sunrise Alarm Clock Review,
22,ProductReviews,I really got this for my DOG...hahaha - Wostoo Kids Splash Pad Review,
23,ProductReviews,Check out my Drone Review Video on YouTube,
24,ProductReviews,BEST SUV or CAR STORAGE ORGANIZER ? - NPET Trunk Organizer Review,
25,ProductReviews,MAKE SMOKY COCKTAILS AT HOME - Cocktail Smoker Kit Review,
26,ProductReviews,Do not buy from PortoProjector,"I don't think any negative review I write on [their own site](https://theportoprojector.com) will be displayed, so I'll put it here.

The projector specs are a lie. It's advertised as 1920x1080 ""supported resolution"", when in reality it's **320x240** output resolution, which is **terrible!** I actually laughed when I first saw the image projected on the wall. When I asked for a refund and return, they said my item nonrefundable since it was on sale. So now I'm stuck with this junk.

[Surfing Wikipedia in gibberish](https://preview.redd.it/f0rvd4k4qpj81.jpg?width=4032&amp;format=pjpg&amp;auto=webp&amp;s=ca24668c10b1641379335a2d1ae067513ff01956)

&amp;#x200B;

[Pixel berries](https://preview.redd.it/cl9z89dbqpj81.jpg?width=3024&amp;format=pjpg&amp;auto=webp&amp;s=e85cd07774ea2100f650f5afb7000da5d350ba39)"
27,ProductReviews,SlimPal Smart Scale &amp; Tape Measure Lite Review,
28,ProductReviews,12 Smart LED Lamps to Buy This Year!,[https://estheticselections.com/12-smart-led-lamps-to-buy-this-year/](https://estheticselections.com/12-smart-led-lamps-to-buy-this-year/)
29,ProductReviews,Triggle Spray Nozzle,
30,ProductReviews,Anker PowerWave Pad Review,https://www.reddit.com/user/tht_prelude_guy/comments/g4pmdk/anker_powerwave_pad_wireless_charger_review/?utm_source=share&amp;utm_medium=web2x
31,ProductReviews,Okinawa Flat Belly Tonic Review - A Natural Weight Loss System - Sunce Fit,
32,ProductReviews,My home gym. A little tour of my space and some upgrades that I made. Tribe Fitness band review,[https://youtu.be/eGJyt25mPqU](https://youtu.be/eGJyt25mPqU)
33,ProductReviews,Herr's Barbecue Cheese Puff Review,[https://youtu.be/CavIcNRyrZk](https://youtu.be/CavIcNRyrZk)
34,ProductReviews,An unbiased review of FlexTrim's 3/4 round flexible molding.,[https://youtu.be/RGubqwaMKYM](https://youtu.be/RGubqwaMKYM)
35,ProductReviews,My review of a reverse osmosis filtration system - Home Master Artesian model,[https://youtu.be/JC6Zgx0-oj8](https://youtu.be/JC6Zgx0-oj8)
36,ProductReviews,What to Look for When Buying a Stick Vacuum ?,
37,ProductReviews,Light Sanitizers and How Important is the UV Light,
38,ProductReviews,Built Bar Provides You The Right Amount of Energy and Sweetness,
39,ProductReviews,Taotronics Active Noise Cancelling Headphone (SoundSurge 85) Review,"I had a chance to use Taotronics' Active Noise Cancelling Headphones for about a week and want to review this headphone. I will leave the link down below in case you are interested in buying after the review.

The main things that caught my attention about this headphone were ANC, USB C Type, Fast Charging, support AptX codec, and the price.

Pros:

\-Cheap: Got it for 40 dollars with coupon

\- ANC available

\-The sound resolution is quite impressive(I will be more specific down below)

\-Lots of base

\-Long battery life (I didn't need to charge for straight 5 days listening around 4hrs a day)

\-Fast Charging

\-Comfortable wear. (I wore this headphone for straight 4 hours but didn't feel any pain on my head or my ears. I think it's because they are over-ear type of headphone)

\-Strong Bluetooth connection (Didn't get disconnected for a week)

\-Light compare to the size

\-Decent time delay (It wasn't as responsive as AirPods, but there was less delay than QCYt1

Cons:

\-ANC works, but not as strong as more expensive products like bose and sony

currently, the ANC headphones out in the market are doing a great job canceling the low frequency, but the challenge is to block some of the high frequency from 1k to 3k hertz. The high-end ANC headphones usually covers up to 2k. But, I feel like this headphone cover up to around 1k which is a bit disappointing. But, it definitely blocks most of the low frequencies and looking at the price range it's quite surprising to have ANC feature in 40 dollars headphones.

\-High notes are pretty weak on this headphone. I believe this headphone is more base focused

\-Not able to play the next song

\-Most material used was plastic, except the banding part which is aluminum. (I was a bit disappointed by the material, but over time I noticed that the plastic build quality was pretty good, it didn't look like plastic)

Sound Tendency:

Base: Powerful but No distortion

Mid: The sound resolution was high and clear

High: When you get to high note, I felt like the resolution was low

Overview:

This headphone is for sure base oriented headphone and if you enjoy listening to pop, hip-hop, and EDM. It is definitely a go headphone. If you want to listen to classical music, especially piano, I would not recommend since the piano sound in high note was quite bad. I felt like there are some sense of distortion going on.

Code: BH085MI

Shop Link: [https://www.taotronics.com/products/tt-bh085-anc-over-ear-headphones](https://www.taotronics.com/products/tt-bh085-anc-over-ear-headphones)

Thanks for reading :)

*Processing img 75b8ul8ayat41...*"
40,ProductReviews,Clinque Even Better Glow Foundation (Review + Demo),
41,ProductReviews,US ONLY! Free!,"We have free item for US only!

Nitrile Disposable Gloves 100pcs

If you are interested, please contact me!"
42,ProductReviews,Engy,
43,ProductReviews,"What's the Best T-Shirt for Working From Home? (Reviewing Outlier, Cuts, and Others)",
44,ProductReviews,Vantop 4K Action Camera Unboxing + 4K Test Footage,
45,ProductReviews,CovMitt-19 - Product Review... yay or nay?,
46,ProductReviews,I just launched a tech product review page on Youtube,"I will review different tech products every week. Join and you will not regret!


https://www.youtube.com/channel/UClxejIRGVxAIvIArUWV15MA"
47,ProductReviews,"Best Muscle "" massage "" Guns in 2020 - Reviews"," A percussion massager or massage gun is extremely useful for anyone who has sore muscles, muscle tension, or aches and pains due to muscle cramps or connective tissue. Many of those massage  
guns are made to pinpoint specific muscles, especially if there are multiple attachments. The  
cone attachment, as an example, can help once you would like to pinpoint muscles within the balls or heels  
of your feet.  
Many athletes can enjoy employing a massage gun after hard workouts. If you've got any sort of¬†  
tension in your muscles that you simply want to work through, it's often a beneficial a neighborhood of your  
pre-workout and post-workout routine.

For those with lower back pain, a massage gun is usually a really intense tool for daily relief and therapy.  
There are endless benefits that you simply are going to be getting from a muscle gun. However, most one is going to be relieving tension after intense workouts. just in case you're a workout enthusiast, this product should be a necessity. aside from accelerating muscle recovery, they're going to be good for warm-up before engaging in sports activities. The convenience you get from these units is that you simply can enjoy a massage anytime and from anywhere since they're portable. The market offers numerous options as far as muscle guns are concerned. It will, therefore, end up being hectic choosing one from the various muscle guns available. that ought to however not worry you since we already made a compilation for you.  
Just ensure to read through this post and spot the perfect pick supported the features you'd like during a muscle gun at an honest price. [Read more](https://goldenoppr.blogspot.com/2020/04/Best-Muscle-Guns-in-2020-Reviews.html)"
48,ProductReviews,Neewer Ring Light Review - Does Size Matter Update - 14 Inch vs 18 inch,
49,ProductReviews,Did Thymuskin hair-growth treatment give you acne?,"I have been using Thymuskin hair shampoo and serum (medium) for under a month.

&amp;#x200B;

The positive effects on the hair are noticeable, the hair already seems denser, shinier, and visibly regenerating. The perfume of the products is subtle and nice. 

&amp;#x200B;

However, I have a history of acne and I have been acne-free since I was 21. I am now in my early 30. So after not even a month of using these products, I have experienced a very aggressive acne eruption on my face, my back and my chest, like I haven't had since I was a teenager. I feel quite silly because I didn't think beforehand that this product, as it mimics the thymus gland, will have that effect on me. 

&amp;#x200B;

I wish that the developers of these products had been more thorough, transparent and professional in testing their product than just saying that it has no side effects: I find it highly unlikely that I am the only one experiencing this.

I have a normal weight, I follow a plant-based diet, I don't take contraceptives, or any other medication, do HIIT trainings once every other day. The only thing new in my routine was Thymuskin :(

So I recommend it but only if you do not have a history of acne, as it will affect you pretty badly. 

What was your experience with this product or other hair-growth products?"
50,ProductReviews,Valor Fitness BD-62 Review - An Ideal Home Cable System,
51,ProductReviews,"Best Lion's Mane Supplements: Benefits, Pros, and Cons",
52,ProductReviews,[FREE] Kids Smart Watch available for Amazon Review. Refund after review. US only üá∫üá∏,
53,ProductReviews,This $90 T-Shirt is Terrible,
54,ProductReviews,[FREE] Beard Trimmer available for Amazon Review. Refund after review. US only üá∫üá∏,
55,ProductReviews,How To Select The Best Gymnastics Rings For Home Use - [Buying Guide],
56,ProductReviews,[FREE] Wireless keyboard &amp; mouse available for Amazon Review. Refund after review. US only üá∫üá∏,
57,ProductReviews,Self-installed bluetooth in 15 yr old Scion in 20 mins for $65 with this product. High satisfaction.," I rarely review anything except books, and this is an excellent product.   Thanks Crutchfield.   Works Great! completely invisible!   [https://www.crutchfield.com/S-Hj5CBI06U1J/p\_249BTSTY2/Crux-BTS-TY2-Bluetooth-Interface.html?XVINQ=GLX&amp;awkw=256839942403&amp;awat=pla&amp;awnw=g&amp;awcr=116454146665&amp;awdv=c&amp;awug=9031945&amp;gclid=Cj0KCQjwyPbzBRDsARIsAFh15JaO1TAd6s28XBqQwvttEoH-2IEywU9jH1Ox2E3legJ-CT-n8T75d4gaAnJ5EALw\_wcB](https://www.crutchfield.com/S-Hj5CBI06U1J/p_249BTSTY2/Crux-BTS-TY2-Bluetooth-Interface.html?XVINQ=GLX&amp;awkw=256839942403&amp;awat=pla&amp;awnw=g&amp;awcr=116454146665&amp;awdv=c&amp;awug=9031945&amp;gclid=Cj0KCQjwyPbzBRDsARIsAFh15JaO1TAd6s28XBqQwvttEoH-2IEywU9jH1Ox2E3legJ-CT-n8T75d4gaAnJ5EALw_wcB)"
58,ProductReviews,"Naked Nutrition Pea Protein: Benefits, Pros, and Cons -",
59,ProductReviews,‚ÄúComfy Kiddo‚Äù a reliable webshop?,"[Review]
I wanted to share my personal experience regarding a purchase from ‚ÄúComfy Kiddo‚Äù. I landed on this website through a facebook ad, I liked the product (All-In-One Ergonomic Baby Carrier | 0-36 Months) but I wasn‚Äôt sure if this is a reliable seller or just another scam. So I tried to look up on internet , apparently no one ever heard about this brand ‚Äúcomfy kiddo‚Äù. If I look in the comment section in the facebook ad I see only positive comments (bit suspicious) and other people are just excited and waiting for their product to arrive. If I open their website everything looks genuine and professional but still I‚Äôm a bit skeptical why no one else has made a youtube review of their product or something like that, then again I thought maybe they are small business? And not so popular?

Still not so convinced about the authenticity of this webshop, but I like the product so much that I went ahead and ordered it, two weeks later my ‚Äòcomfy kiddo baby carrier‚Äô arrives (which I wasn‚Äôt so sure about) but I immediately found out what happened. This baby carrier is not ‚Äòcomfy kiddo‚Äô product but actually made by another company called ‚ÄúAIEBAO‚Äù and its 3x cheaper (plus free shipping). 

Bit disappointed but I like the product, only thing that I paid too much. I posted my comment on their facebook page:

‚ÄúThis is not a comfy kiddo product, this baby carrier is actually made by ‚ÄòAiebao‚Äô and its 3x cheaper in some stores (plus free shipping)‚Äù

3 hours later my comment is removed by their social media team and I am blocked from making any additional comments on their page. 

Has anyone else experienced something like that??


[Comfy Kiddo](https://comfykiddo.co)"
60,ProductReviews,2400 Paintballs vs Outlaw II Gear Slinger Pack Review! 3VGEAR!,
61,ProductReviews,BEAUTY EMPTIES | March 2020 | PRODUCTS I've used up &amp; would I PURCHASE again?!,
62,ProductReviews,Sabrent Hardware RAID Dock - Impressions and Concerns,
63,ProductReviews,Curology Reviews,"Massive acne build-up, also known as the acne vulgaris, is not less than a catastrophe for a woman. It is a long-term disease of the skin caused by the clogging of hair follicles by oil from skin or the dead skin cells, usually faced by teenagers because of several hormonal fluctuations, and various other related reasons. In this article, we will be covering Curology reviews and all the other relevant subjects that surround Curology.¬†With the onset of high dermatological issues persisting and continually growing, a great initiative Curology, by a dermatologist from New Mexico, has conceptualized. It is an online customized and prescribed skincare treatment.¬†

Curology is a start-up that works explicitly in treating acne and similar conditions. It provides you with a high-quality personalized experience customized to suit your skin type. It is one of the first telemedicine services giving the customer an online diagnosis along with it a monthly subscribable prescribed skincare routine. Additionally, there are online visits from dermatology professionals. It‚Äôs accessible, safe, and convenient.¬† If you‚Äôre looking for genuine [Curology Reviews](https://cheaperks.com/curology-reviews/)  then you are at the perfect webpage because we have covered everything about Curology."
64,ProductReviews,When dad does the review,
65,ProductReviews,"Bosch Power Tools Combo Kit CLPK22-120 - 12-Volt Cordless Tool Set (Drill/Driver and Impact Driver) with 2 Batteries, Charger and Case",
66,ProductReviews,"Bosch Power Tools Combo Kit CLPK22-120 - 12-Volt Cordless Tool Set (Drill/Driver and Impact Driver) with 2 Batteries, Charger and Case",
67,ProductReviews,"Bosch Power Tools Combo Kit CLPK22-120 - 12-Volt Cordless Tool Set (Drill/Driver and Impact Driver) with 2 Batteries, Charger and Case",
68,ProductReviews,"Nubreed Helix BCAA - Best Flavors, Pros, Cons, and More",
69,ProductReviews,What (Pants) To Wear When You Work From Home,
70,ProductReviews,This $130 RGB speaker sounds INSANE!,
71,ProductReviews,In-depth review of the Westerlind Climbing Jumpsuit and indigo dyeing,
72,ProductReviews,Free Charter/ Spectrum Internet for 60 Days,[https://youtu.be/xg2ODQd1ueg](https://youtu.be/xg2ODQd1ueg)
73,ProductReviews,"This guy does really good, in-depth cannabis related product reviews!",
74,ProductReviews,"Review of ""The 12 Minute Affiliate System""","WHAT IS THE 12 MINUTE AFFILIATE SYSTEM?

The 12 Minute Affiliate System is a new, revolutionary Online Marketing System that simplifies the entire money making process and makes the entire **Money-Making Process** and makes it easy for even the newest Affiliate Marketer to get everything set up before you go to bed tonight. It‚Äôs a 100% Easy, Done-For-You system designed to help you generate leads and sales, even if you've never made a sale online before.

&amp;#x200B;

https://preview.redd.it/9cz2f2ava8m41.jpg?width=316&amp;format=pjpg&amp;auto=webp&amp;s=e2de9bb6fe0cd8154963f9d756f8d3f68fc5a11a

WHY YOU NEED TO CHOOSE 12 MINUTE AFFILIATE?

**1) IT'S SIMPLE FOR BEGINNERS ALSO**

There are lots of system in the market who claim to help you to earn high profits are not so simple as they claim. It can frustrate you while learning that stuff. But with 12 Minute Affiliate, even the beginners can start getting results with the system in their week one.

**2) MAKE DAILY PROFITS**

Once you've got everything set up and running, you will feel common to earn online commissions multiple times a week. Sometimes you can earn multiple times a day. You must be amazed to know that top members of this program are earning their affiliate commission on daily basis.

**3) GENERATE MULTIPLE¬†STREAMS OF INCOME**

With the help of this system **you can generate multiple streams of income**. This system automatically promotes multiple different affiliate products for you, simultaneously and it means that you can earn commissions from more than one product.

**4) FAST AND EASY SET-UP**

There is **no technicality required** for this affiliate system. It takes **no longer than 12 minutes**. There is a 90% chance that you will understand the whole system and make it run before going to bed.

**5) QUICK RESULT**

Once the system is set-up properly and you have done everything in place than you will see the results very quickly.

For detailed review, check our full review:  [https://www.thebackpackersboat.com/post/review-of-the-12-minute-affiliate-system](https://www.thebackpackersboat.com/post/review-of-the-12-minute-affiliate-system)"
75,ProductReviews,Blue Lizard Sensitive Australian Sunscreen SPF 50 (Review + Demo),
76,ProductReviews,"Massone Mass Gainer - Pros, Cons, Best Flavor, &amp; More",
77,ProductReviews,"Review of ""Brain Training for Dogs"" 2020 - Helping to develop your Dog's ""Hidden Intelligence"""," 

## WHAT IS ‚ÄúBRAIN TRAINING FOR DOGS‚Äù PROGRAM?

""Brain Training for Dogs"" course covers every conceivable problem¬†that you can have with your dog and show you how to change it including Potty training, Dealing with aggression, Jumping, Digging, Whining, Chewing, Excessive barking, Impulse Control, Hyperactivity, Ignoring your commands, etc. This course is very easy to understand &amp; you will get troubleshooting guides, step-by-step guides, pictures and video demonstrations, which you can use with any dog to quickly, unlock his natural intelligence and eliminate bad behaviors. Quite literally creator of this program had compressed years of study of hundreds of problem dogs into a system for creating the wonderfully well-behaved pet you desire. It is very simple to use dog training program. Ask any successful dog trainer and they will tell you that simplicity is the key to training a well behaved dog. This system is so easy to follow; it virtually tells you everything you need to do to make any dog well behaved with no behavioral problems.

## 

https://preview.redd.it/syvsmprgvul41.jpg?width=835&amp;format=pjpg&amp;auto=webp&amp;s=5a3cb97e6a8cdd97f4008414f50c8eeb8e7aafe9

## TO WHOM THIS TRAINING  IS IMPORTANT?

Anybody who is having below issues with their Dogs:

¬∑  Your dog¬†doesn't listen to you

¬∑  You need to¬†train a new Puppy

¬∑  Your dog¬†barks uncontrollably

¬∑  Your Dog is¬†pulling on the leash

¬∑  Your Dog is¬†aggressive

¬∑  Your Dog is¬†chewing¬†things he shouldn't

¬∑  Your Dog is¬†digging all the time

¬∑  Your Dog is¬†Jumping up

¬∑  You're frustrated with your dog

¬∑  You may even¬†regret getting your Dog

¬∑  You're worried you might have to¬†give up your Dog¬†because of behavior problems you can't handle

¬∑  You feel¬†helpless to control your dog

¬∑  You tell your Dog ‚Äòno‚Äô with no success

¬∑  Your Dog¬†gets over excited¬†and is hard to settle down

¬∑  Your Dog is¬†whining constantly

¬∑  Your dog has a fear¬†of certain sounds or stimuli or suffers from¬†anxiety

¬∑  You want a dog who obeys you

¬∑  You want a better bond with your dog

¬∑  You want less stress

For more details, read our full post :  [https://www.thebackpackersboat.com/post/review-of-brain-training-for-dogs-2020-helping-to-develop-your-dog-s-hidden-intelligence](https://www.thebackpackersboat.com/post/review-of-brain-training-for-dogs-2020-helping-to-develop-your-dog-s-hidden-intelligence)"
78,ProductReviews,EverLast Leather Jump Rope Review - Comparing Weighted and Unweighted,
79,ProductReviews,Siemens EQ3 Espresso Coffee Machine Review,
80,ProductReviews,Best beginner drone under $100? | Potensic T25 Review,
81,ProductReviews,Glide Gear TMP100 Teleprompter Review,
82,ProductReviews,This is a great facial product,
83,ProductReviews,Amazon New Fire Stick Review,
84,ProductReviews,New Monster Ultra Rosa Flavor Review,
85,ProductReviews,Reviewing 3 Of The Best Pre-Workouts For Women - Buying Guide,
86,ProductReviews,The Ultimate Guide For Selecting The Best Deadlift Shoes,
87,ProductReviews,Cinderella Solution Review,
88,ProductReviews,Alani Nu Pre-Workout Review - Rating 5 Different Flavors,
89,ProductReviews,What Houston Winter looks like | Houston Travel Vlog | One Week in Houston,
90,ProductReviews,Best Roman Chair For Home Use - Strengthen Your Core And Lower Back,
91,ProductReviews,I feel so seen in this review,
92,ProductReviews,Asus zenbook ux430u Review!,
93,ProductReviews,Luxury 4 Star Hotel Walking Tour | Hyatt Regency - Houston Galleria,
94,ProductReviews,Empties #projectpan #empties #nowaste,
95,ProductReviews,BETTER BUSINESS FOR A BETTER TOMORROW,
96,ProductReviews,$10 MOUSEPAD!,
97,ProductReviews,Reviewing The 6 Best Power Racks For Your Home Gym,
98,ProductReviews,Neewer Camera Monitor: It comes with a battery!,
99,ProductReviews,Smooth Skin?,
