,subreddit,title,selftext,text_cleaned,bigrams,trigrams
0,ProductReviews,Kingston DataTraveler Exodia 32GB USB 3.2 Flash Drive Review,"&amp;#x200B;

https://preview.redd.it/6l2ty53vexh91.jpg?width=597&amp;format=pjpg&amp;auto=webp&amp;s=1199c1500033e3cdab17434219165e9c864a28be

 Kingston DataTraveler Exodia is an affordable USB drive for daily data needs. Around $4 price label makes it very affordable, but what about performance? We have tested and [reviewed Kingston Exodia](https://www.izreview.com/kingston-datatraveler-exodia-32gb-usb-3-2-flash-drive-review/) 32GB USB Flash Drive in detail.",amp x b kingston datatraveler exodia affordable usb drive daily data need around price label make affordable performance test review kingston exodia gb usb flash drive detail,"[('amp', 'x'), ('x', 'b'), ('b', 'kingston'), ('kingston', 'datatraveler'), ('datatraveler', 'exodia'), ('exodia', 'affordable'), ('affordable', 'usb'), ('usb', 'drive'), ('drive', 'daily'), ('daily', 'data'), ('data', 'need'), ('need', 'around'), ('around', 'price'), ('price', 'label'), ('label', 'make'), ('make', 'affordable'), ('affordable', 'performance'), ('performance', 'test'), ('test', 'review'), ('review', 'kingston'), ('kingston', 'exodia'), ('exodia', 'gb'), ('gb', 'usb'), ('usb', 'flash'), ('flash', 'drive'), ('drive', 'detail')]","[('amp', 'x', 'b'), ('x', 'b', 'kingston'), ('b', 'kingston', 'datatraveler'), ('kingston', 'datatraveler', 'exodia'), ('datatraveler', 'exodia', 'affordable'), ('exodia', 'affordable', 'usb'), ('affordable', 'usb', 'drive'), ('usb', 'drive', 'daily'), ('drive', 'daily', 'data'), ('daily', 'data', 'need'), ('data', 'need', 'around'), ('need', 'around', 'price'), ('around', 'price', 'label'), ('price', 'label', 'make'), ('label', 'make', 'affordable'), ('make', 'affordable', 'performance'), ('affordable', 'performance', 'test'), ('performance', 'test', 'review'), ('test', 'review', 'kingston'), ('review', 'kingston', 'exodia'), ('kingston', 'exodia', 'gb'), ('exodia', 'gb', 'usb'), ('gb', 'usb', 'flash'), ('usb', 'flash', 'drive'), ('flash', 'drive', 'detail')]"
1,ProductReviews,Brita Flow Water Filter Tank Review | Trusted Reviews,"&amp;#x200B;

https://preview.redd.it/rcxdqiurzt691.jpg?width=556&amp;format=pjpg&amp;auto=webp&amp;s=a573257785814bd1e927e52b9edc6383e305faf7

[Brita Flow Water Tank](https://www.izreview.com/brita-flow-water-filter-tank-review/) is designed to filter tap water into quality drinking water. There are many similar filter jugs, like [**Brita Marella**](https://www.izreview.com/brita-marella-water-filter-jugs-review/), [**Aluna**](https://www.izreview.com/brita-aluna-water-filter-jug-review/) or [**Aquaphor Amethyst**](https://www.izreview.com/aquaphor-amethyst-maxfor-water-jug-review/). But Brita flow is different! It has a huge water tank capacity. That capacity makes it ideal for large families and small businesses. 

See Full Review..

[https://www.izreview.com/brita-flow-water-filter-tank-review/](https://www.izreview.com/brita-flow-water-filter-tank-review/)",amp x b brita flow water tank design filter tap water quality drink water many similar filter jug like brita marella aluna aquaphor amethyst brita flow different huge water tank capacity capacity make ideal large family small business see full review,"[('amp', 'x'), ('x', 'b'), ('b', 'brita'), ('brita', 'flow'), ('flow', 'water'), ('water', 'tank'), ('tank', 'design'), ('design', 'filter'), ('filter', 'tap'), ('tap', 'water'), ('water', 'quality'), ('quality', 'drink'), ('drink', 'water'), ('water', 'many'), ('many', 'similar'), ('similar', 'filter'), ('filter', 'jug'), ('jug', 'like'), ('like', 'brita'), ('brita', 'marella'), ('marella', 'aluna'), ('aluna', 'aquaphor'), ('aquaphor', 'amethyst'), ('amethyst', 'brita'), ('brita', 'flow'), ('flow', 'different'), ('different', 'huge'), ('huge', 'water'), ('water', 'tank'), ('tank', 'capacity'), ('capacity', 'capacity'), ('capacity', 'make'), ('make', 'ideal'), ('ideal', 'large'), ('large', 'family'), ('family', 'small'), ('small', 'business'), ('business', 'see'), ('see', 'full'), ('full', 'review')]","[('amp', 'x', 'b'), ('x', 'b', 'brita'), ('b', 'brita', 'flow'), ('brita', 'flow', 'water'), ('flow', 'water', 'tank'), ('water', 'tank', 'design'), ('tank', 'design', 'filter'), ('design', 'filter', 'tap'), ('filter', 'tap', 'water'), ('tap', 'water', 'quality'), ('water', 'quality', 'drink'), ('quality', 'drink', 'water'), ('drink', 'water', 'many'), ('water', 'many', 'similar'), ('many', 'similar', 'filter'), ('similar', 'filter', 'jug'), ('filter', 'jug', 'like'), ('jug', 'like', 'brita'), ('like', 'brita', 'marella'), ('brita', 'marella', 'aluna'), ('marella', 'aluna', 'aquaphor'), ('aluna', 'aquaphor', 'amethyst'), ('aquaphor', 'amethyst', 'brita'), ('amethyst', 'brita', 'flow'), ('brita', 'flow', 'different'), ('flow', 'different', 'huge'), ('different', 'huge', 'water'), ('huge', 'water', 'tank'), ('water', 'tank', 'capacity'), ('tank', 'capacity', 'capacity'), ('capacity', 'capacity', 'make'), ('capacity', 'make', 'ideal'), ('make', 'ideal', 'large'), ('ideal', 'large', 'family'), ('large', 'family', 'small'), ('family', 'small', 'business'), ('small', 'business', 'see'), ('business', 'see', 'full'), ('see', 'full', 'review')]"
2,ProductReviews,SPRAY ON DEODORANT WORTH IT? - Degree MotionSense UltraClear Deodorant Spray Review,"Degree MotionSense Antiperspirant Deodorant Dry Spray comes in a spray-on application for both men and women.  It offers 72-hour protection and instantly drys which makes it ideal for not staining black and white clothing.  Check out the video for my full thoughts. 

[YouTube Video Review](https://youtu.be/UUMnRF17VKY)",degree motionsense antiperspirant deodorant dry spray come spray application men woman offer hour protection instantly drys make ideal stain black white clothing check video full thought youtube video review,"[('degree', 'motionsense'), ('motionsense', 'antiperspirant'), ('antiperspirant', 'deodorant'), ('deodorant', 'dry'), ('dry', 'spray'), ('spray', 'come'), ('come', 'spray'), ('spray', 'application'), ('application', 'men'), ('men', 'woman'), ('woman', 'offer'), ('offer', 'hour'), ('hour', 'protection'), ('protection', 'instantly'), ('instantly', 'drys'), ('drys', 'make'), ('make', 'ideal'), ('ideal', 'stain'), ('stain', 'black'), ('black', 'white'), ('white', 'clothing'), ('clothing', 'check'), ('check', 'video'), ('video', 'full'), ('full', 'thought'), ('thought', 'youtube'), ('youtube', 'video'), ('video', 'review')]","[('degree', 'motionsense', 'antiperspirant'), ('motionsense', 'antiperspirant', 'deodorant'), ('antiperspirant', 'deodorant', 'dry'), ('deodorant', 'dry', 'spray'), ('dry', 'spray', 'come'), ('spray', 'come', 'spray'), ('come', 'spray', 'application'), ('spray', 'application', 'men'), ('application', 'men', 'woman'), ('men', 'woman', 'offer'), ('woman', 'offer', 'hour'), ('offer', 'hour', 'protection'), ('hour', 'protection', 'instantly'), ('protection', 'instantly', 'drys'), ('instantly', 'drys', 'make'), ('drys', 'make', 'ideal'), ('make', 'ideal', 'stain'), ('ideal', 'stain', 'black'), ('stain', 'black', 'white'), ('black', 'white', 'clothing'), ('white', 'clothing', 'check'), ('clothing', 'check', 'video'), ('check', 'video', 'full'), ('video', 'full', 'thought'), ('full', 'thought', 'youtube'), ('thought', 'youtube', 'video'), ('youtube', 'video', 'review')]"
3,ProductReviews,Do not buy from PortoProjector,"I don't think any negative review I write on [their own site](https://theportoprojector.com) will be displayed, so I'll put it here.

The projector specs are a lie. It's advertised as 1920x1080 ""supported resolution"", when in reality it's **320x240** output resolution, which is **terrible!** I actually laughed when I first saw the image projected on the wall. When I asked for a refund and return, they said my item nonrefundable since it was on sale. So now I'm stuck with this junk.

[Surfing Wikipedia in gibberish](https://preview.redd.it/f0rvd4k4qpj81.jpg?width=4032&amp;format=pjpg&amp;auto=webp&amp;s=ca24668c10b1641379335a2d1ae067513ff01956)

&amp;#x200B;

[Pixel berries](https://preview.redd.it/cl9z89dbqpj81.jpg?width=3024&amp;format=pjpg&amp;auto=webp&amp;s=e85cd07774ea2100f650f5afb7000da5d350ba39)",think negative review write site display i'll put projector spec lie advertise x support resolution reality x output resolution terrible actually laugh first saw image project wall ask refund return say item nonrefundable since sale i'm stick junk surf wikipedia gibberish amp x b pixel berry,"[('think', 'negative'), ('negative', 'review'), ('review', 'write'), ('write', 'site'), ('site', 'display'), ('display', ""i'll""), (""i'll"", 'put'), ('put', 'projector'), ('projector', 'spec'), ('spec', 'lie'), ('lie', 'advertise'), ('advertise', 'x'), ('x', 'support'), ('support', 'resolution'), ('resolution', 'reality'), ('reality', 'x'), ('x', 'output'), ('output', 'resolution'), ('resolution', 'terrible'), ('terrible', 'actually'), ('actually', 'laugh'), ('laugh', 'first'), ('first', 'saw'), ('saw', 'image'), ('image', 'project'), ('project', 'wall'), ('wall', 'ask'), ('ask', 'refund'), ('refund', 'return'), ('return', 'say'), ('say', 'item'), ('item', 'nonrefundable'), ('nonrefundable', 'since'), ('since', 'sale'), ('sale', ""i'm""), (""i'm"", 'stick'), ('stick', 'junk'), ('junk', 'surf'), ('surf', 'wikipedia'), ('wikipedia', 'gibberish'), ('gibberish', 'amp'), ('amp', 'x'), ('x', 'b'), ('b', 'pixel'), ('pixel', 'berry')]","[('think', 'negative', 'review'), ('negative', 'review', 'write'), ('review', 'write', 'site'), ('write', 'site', 'display'), ('site', 'display', ""i'll""), ('display', ""i'll"", 'put'), (""i'll"", 'put', 'projector'), ('put', 'projector', 'spec'), ('projector', 'spec', 'lie'), ('spec', 'lie', 'advertise'), ('lie', 'advertise', 'x'), ('advertise', 'x', 'support'), ('x', 'support', 'resolution'), ('support', 'resolution', 'reality'), ('resolution', 'reality', 'x'), ('reality', 'x', 'output'), ('x', 'output', 'resolution'), ('output', 'resolution', 'terrible'), ('resolution', 'terrible', 'actually'), ('terrible', 'actually', 'laugh'), ('actually', 'laugh', 'first'), ('laugh', 'first', 'saw'), ('first', 'saw', 'image'), ('saw', 'image', 'project'), ('image', 'project', 'wall'), ('project', 'wall', 'ask'), ('wall', 'ask', 'refund'), ('ask', 'refund', 'return'), ('refund', 'return', 'say'), ('return', 'say', 'item'), ('say', 'item', 'nonrefundable'), ('item', 'nonrefundable', 'since'), ('nonrefundable', 'since', 'sale'), ('since', 'sale', ""i'm""), ('sale', ""i'm"", 'stick'), (""i'm"", 'stick', 'junk'), ('stick', 'junk', 'surf'), ('junk', 'surf', 'wikipedia'), ('surf', 'wikipedia', 'gibberish'), ('wikipedia', 'gibberish', 'amp'), ('gibberish', 'amp', 'x'), ('amp', 'x', 'b'), ('x', 'b', 'pixel'), ('b', 'pixel', 'berry')]"
4,ProductReviews,Taotronics Active Noise Cancelling Headphone (SoundSurge 85) Review,"I had a chance to use Taotronics' Active Noise Cancelling Headphones for about a week and want to review this headphone. I will leave the link down below in case you are interested in buying after the review.

The main things that caught my attention about this headphone were ANC, USB C Type, Fast Charging, support AptX codec, and the price.

Pros:

\-Cheap: Got it for 40 dollars with coupon

\- ANC available

\-The sound resolution is quite impressive(I will be more specific down below)

\-Lots of base

\-Long battery life (I didn't need to charge for straight 5 days listening around 4hrs a day)

\-Fast Charging

\-Comfortable wear. (I wore this headphone for straight 4 hours but didn't feel any pain on my head or my ears. I think it's because they are over-ear type of headphone)

\-Strong Bluetooth connection (Didn't get disconnected for a week)

\-Light compare to the size

\-Decent time delay (It wasn't as responsive as AirPods, but there was less delay than QCYt1

Cons:

\-ANC works, but not as strong as more expensive products like bose and sony

currently, the ANC headphones out in the market are doing a great job canceling the low frequency, but the challenge is to block some of the high frequency from 1k to 3k hertz. The high-end ANC headphones usually covers up to 2k. But, I feel like this headphone cover up to around 1k which is a bit disappointing. But, it definitely blocks most of the low frequencies and looking at the price range it's quite surprising to have ANC feature in 40 dollars headphones.

\-High notes are pretty weak on this headphone. I believe this headphone is more base focused

\-Not able to play the next song

\-Most material used was plastic, except the banding part which is aluminum. (I was a bit disappointed by the material, but over time I noticed that the plastic build quality was pretty good, it didn't look like plastic)

Sound Tendency:

Base: Powerful but No distortion

Mid: The sound resolution was high and clear

High: When you get to high note, I felt like the resolution was low

Overview:

This headphone is for sure base oriented headphone and if you enjoy listening to pop, hip-hop, and EDM. It is definitely a go headphone. If you want to listen to classical music, especially piano, I would not recommend since the piano sound in high note was quite bad. I felt like there are some sense of distortion going on.

Code: BH085MI

Shop Link: [https://www.taotronics.com/products/tt-bh085-anc-over-ear-headphones](https://www.taotronics.com/products/tt-bh085-anc-over-ear-headphones)

Thanks for reading :)

*Processing img 75b8ul8ayat41...*",chance use taotronics active noise cancel headphone week want review headphone leave link case interested buying review main thing catch attention headphone anc usb c type fast charge support aptx codec price pro cheap get dollar coupon anc available sound resolution quite impressive specific lot base long battery life need charge straight day listen around hrs day fast charge comfortable wear wore headphone straight hour feel pain head ear think ear type headphone strong bluetooth connection get disconnect week light compare size decent time delay responsive airpods less delay qcyt con anc work strong expensive product like bose sony currently anc headphone market great job cancel low frequency challenge block high frequency k k hertz high end anc headphone usually cover k feel like headphone cover around k bit disappointing definitely block low frequency look price range quite surprising anc feature dollar headphones high note pretty weak headphone believe headphone base focus able play next song material use plastic except band part aluminum bit disappointed material time notice plastic build quality pretty good look like plastic sound tendency base powerful distortion mid sound resolution high clear high get high note felt like resolution low overview headphone sure base orient headphone enjoy listen pop hip hop edm definitely go headphone want listen classical music especially piano would recommend since piano sound high note quite bad felt like sense distortion go code bh mi shop link thanks read processing img b ul ayat,"[('chance', 'use'), ('use', 'taotronics'), ('taotronics', 'active'), ('active', 'noise'), ('noise', 'cancel'), ('cancel', 'headphone'), ('headphone', 'week'), ('week', 'want'), ('want', 'review'), ('review', 'headphone'), ('headphone', 'leave'), ('leave', 'link'), ('link', 'case'), ('case', 'interested'), ('interested', 'buying'), ('buying', 'review'), ('review', 'main'), ('main', 'thing'), ('thing', 'catch'), ('catch', 'attention'), ('attention', 'headphone'), ('headphone', 'anc'), ('anc', 'usb'), ('usb', 'c'), ('c', 'type'), ('type', 'fast'), ('fast', 'charge'), ('charge', 'support'), ('support', 'aptx'), ('aptx', 'codec'), ('codec', 'price'), ('price', 'pro'), ('pro', 'cheap'), ('cheap', 'get'), ('get', 'dollar'), ('dollar', 'coupon'), ('coupon', 'anc'), ('anc', 'available'), ('available', 'sound'), ('sound', 'resolution'), ('resolution', 'quite'), ('quite', 'impressive'), ('impressive', 'specific'), ('specific', 'lot'), ('lot', 'base'), ('base', 'long'), ('long', 'battery'), ('battery', 'life'), ('life', 'need'), ('need', 'charge'), ('charge', 'straight'), ('straight', 'day'), ('day', 'listen'), ('listen', 'around'), ('around', 'hrs'), ('hrs', 'day'), ('day', 'fast'), ('fast', 'charge'), ('charge', 'comfortable'), ('comfortable', 'wear'), ('wear', 'wore'), ('wore', 'headphone'), ('headphone', 'straight'), ('straight', 'hour'), ('hour', 'feel'), ('feel', 'pain'), ('pain', 'head'), ('head', 'ear'), ('ear', 'think'), ('think', 'ear'), ('ear', 'type'), ('type', 'headphone'), ('headphone', 'strong'), ('strong', 'bluetooth'), ('bluetooth', 'connection'), ('connection', 'get'), ('get', 'disconnect'), ('disconnect', 'week'), ('week', 'light'), ('light', 'compare'), ('compare', 'size'), ('size', 'decent'), ('decent', 'time'), ('time', 'delay'), ('delay', 'responsive'), ('responsive', 'airpods'), ('airpods', 'less'), ('less', 'delay'), ('delay', 'qcyt'), ('qcyt', 'con'), ('con', 'anc'), ('anc', 'work'), ('work', 'strong'), ('strong', 'expensive'), ('expensive', 'product'), ('product', 'like'), ('like', 'bose'), ('bose', 'sony'), ('sony', 'currently'), ('currently', 'anc'), ('anc', 'headphone'), ('headphone', 'market'), ('market', 'great'), ('great', 'job'), ('job', 'cancel'), ('cancel', 'low'), ('low', 'frequency'), ('frequency', 'challenge'), ('challenge', 'block'), ('block', 'high'), ('high', 'frequency'), ('frequency', 'k'), ('k', 'k'), ('k', 'hertz'), ('hertz', 'high'), ('high', 'end'), ('end', 'anc'), ('anc', 'headphone'), ('headphone', 'usually'), ('usually', 'cover'), ('cover', 'k'), ('k', 'feel'), ('feel', 'like'), ('like', 'headphone'), ('headphone', 'cover'), ('cover', 'around'), ('around', 'k'), ('k', 'bit'), ('bit', 'disappointing'), ('disappointing', 'definitely'), ('definitely', 'block'), ('block', 'low'), ('low', 'frequency'), ('frequency', 'look'), ('look', 'price'), ('price', 'range'), ('range', 'quite'), ('quite', 'surprising'), ('surprising', 'anc'), ('anc', 'feature'), ('feature', 'dollar'), ('dollar', 'headphones'), ('headphones', 'high'), ('high', 'note'), ('note', 'pretty'), ('pretty', 'weak'), ('weak', 'headphone'), ('headphone', 'believe'), ('believe', 'headphone'), ('headphone', 'base'), ('base', 'focus'), ('focus', 'able'), ('able', 'play'), ('play', 'next'), ('next', 'song'), ('song', 'material'), ('material', 'use'), ('use', 'plastic'), ('plastic', 'except'), ('except', 'band'), ('band', 'part'), ('part', 'aluminum'), ('aluminum', 'bit'), ('bit', 'disappointed'), ('disappointed', 'material'), ('material', 'time'), ('time', 'notice'), ('notice', 'plastic'), ('plastic', 'build'), ('build', 'quality'), ('quality', 'pretty'), ('pretty', 'good'), ('good', 'look'), ('look', 'like'), ('like', 'plastic'), ('plastic', 'sound'), ('sound', 'tendency'), ('tendency', 'base'), ('base', 'powerful'), ('powerful', 'distortion'), ('distortion', 'mid'), ('mid', 'sound'), ('sound', 'resolution'), ('resolution', 'high'), ('high', 'clear'), ('clear', 'high'), ('high', 'get'), ('get', 'high'), ('high', 'note'), ('note', 'felt'), ('felt', 'like'), ('like', 'resolution'), ('resolution', 'low'), ('low', 'overview'), ('overview', 'headphone'), ('headphone', 'sure'), ('sure', 'base'), ('base', 'orient'), ('orient', 'headphone'), ('headphone', 'enjoy'), ('enjoy', 'listen'), ('listen', 'pop'), ('pop', 'hip'), ('hip', 'hop'), ('hop', 'edm'), ('edm', 'definitely'), ('definitely', 'go'), ('go', 'headphone'), ('headphone', 'want'), ('want', 'listen'), ('listen', 'classical'), ('classical', 'music'), ('music', 'especially'), ('especially', 'piano'), ('piano', 'would'), ('would', 'recommend'), ('recommend', 'since'), ('since', 'piano'), ('piano', 'sound'), ('sound', 'high'), ('high', 'note'), ('note', 'quite'), ('quite', 'bad'), ('bad', 'felt'), ('felt', 'like'), ('like', 'sense'), ('sense', 'distortion'), ('distortion', 'go'), ('go', 'code'), ('code', 'bh'), ('bh', 'mi'), ('mi', 'shop'), ('shop', 'link'), ('link', 'thanks'), ('thanks', 'read'), ('read', 'processing'), ('processing', 'img'), ('img', 'b'), ('b', 'ul'), ('ul', 'ayat')]","[('chance', 'use', 'taotronics'), ('use', 'taotronics', 'active'), ('taotronics', 'active', 'noise'), ('active', 'noise', 'cancel'), ('noise', 'cancel', 'headphone'), ('cancel', 'headphone', 'week'), ('headphone', 'week', 'want'), ('week', 'want', 'review'), ('want', 'review', 'headphone'), ('review', 'headphone', 'leave'), ('headphone', 'leave', 'link'), ('leave', 'link', 'case'), ('link', 'case', 'interested'), ('case', 'interested', 'buying'), ('interested', 'buying', 'review'), ('buying', 'review', 'main'), ('review', 'main', 'thing'), ('main', 'thing', 'catch'), ('thing', 'catch', 'attention'), ('catch', 'attention', 'headphone'), ('attention', 'headphone', 'anc'), ('headphone', 'anc', 'usb'), ('anc', 'usb', 'c'), ('usb', 'c', 'type'), ('c', 'type', 'fast'), ('type', 'fast', 'charge'), ('fast', 'charge', 'support'), ('charge', 'support', 'aptx'), ('support', 'aptx', 'codec'), ('aptx', 'codec', 'price'), ('codec', 'price', 'pro'), ('price', 'pro', 'cheap'), ('pro', 'cheap', 'get'), ('cheap', 'get', 'dollar'), ('get', 'dollar', 'coupon'), ('dollar', 'coupon', 'anc'), ('coupon', 'anc', 'available'), ('anc', 'available', 'sound'), ('available', 'sound', 'resolution'), ('sound', 'resolution', 'quite'), ('resolution', 'quite', 'impressive'), ('quite', 'impressive', 'specific'), ('impressive', 'specific', 'lot'), ('specific', 'lot', 'base'), ('lot', 'base', 'long'), ('base', 'long', 'battery'), ('long', 'battery', 'life'), ('battery', 'life', 'need'), ('life', 'need', 'charge'), ('need', 'charge', 'straight'), ('charge', 'straight', 'day'), ('straight', 'day', 'listen'), ('day', 'listen', 'around'), ('listen', 'around', 'hrs'), ('around', 'hrs', 'day'), ('hrs', 'day', 'fast'), ('day', 'fast', 'charge'), ('fast', 'charge', 'comfortable'), ('charge', 'comfortable', 'wear'), ('comfortable', 'wear', 'wore'), ('wear', 'wore', 'headphone'), ('wore', 'headphone', 'straight'), ('headphone', 'straight', 'hour'), ('straight', 'hour', 'feel'), ('hour', 'feel', 'pain'), ('feel', 'pain', 'head'), ('pain', 'head', 'ear'), ('head', 'ear', 'think'), ('ear', 'think', 'ear'), ('think', 'ear', 'type'), ('ear', 'type', 'headphone'), ('type', 'headphone', 'strong'), ('headphone', 'strong', 'bluetooth'), ('strong', 'bluetooth', 'connection'), ('bluetooth', 'connection', 'get'), ('connection', 'get', 'disconnect'), ('get', 'disconnect', 'week'), ('disconnect', 'week', 'light'), ('week', 'light', 'compare'), ('light', 'compare', 'size'), ('compare', 'size', 'decent'), ('size', 'decent', 'time'), ('decent', 'time', 'delay'), ('time', 'delay', 'responsive'), ('delay', 'responsive', 'airpods'), ('responsive', 'airpods', 'less'), ('airpods', 'less', 'delay'), ('less', 'delay', 'qcyt'), ('delay', 'qcyt', 'con'), ('qcyt', 'con', 'anc'), ('con', 'anc', 'work'), ('anc', 'work', 'strong'), ('work', 'strong', 'expensive'), ('strong', 'expensive', 'product'), ('expensive', 'product', 'like'), ('product', 'like', 'bose'), ('like', 'bose', 'sony'), ('bose', 'sony', 'currently'), ('sony', 'currently', 'anc'), ('currently', 'anc', 'headphone'), ('anc', 'headphone', 'market'), ('headphone', 'market', 'great'), ('market', 'great', 'job'), ('great', 'job', 'cancel'), ('job', 'cancel', 'low'), ('cancel', 'low', 'frequency'), ('low', 'frequency', 'challenge'), ('frequency', 'challenge', 'block'), ('challenge', 'block', 'high'), ('block', 'high', 'frequency'), ('high', 'frequency', 'k'), ('frequency', 'k', 'k'), ('k', 'k', 'hertz'), ('k', 'hertz', 'high'), ('hertz', 'high', 'end'), ('high', 'end', 'anc'), ('end', 'anc', 'headphone'), ('anc', 'headphone', 'usually'), ('headphone', 'usually', 'cover'), ('usually', 'cover', 'k'), ('cover', 'k', 'feel'), ('k', 'feel', 'like'), ('feel', 'like', 'headphone'), ('like', 'headphone', 'cover'), ('headphone', 'cover', 'around'), ('cover', 'around', 'k'), ('around', 'k', 'bit'), ('k', 'bit', 'disappointing'), ('bit', 'disappointing', 'definitely'), ('disappointing', 'definitely', 'block'), ('definitely', 'block', 'low'), ('block', 'low', 'frequency'), ('low', 'frequency', 'look'), ('frequency', 'look', 'price'), ('look', 'price', 'range'), ('price', 'range', 'quite'), ('range', 'quite', 'surprising'), ('quite', 'surprising', 'anc'), ('surprising', 'anc', 'feature'), ('anc', 'feature', 'dollar'), ('feature', 'dollar', 'headphones'), ('dollar', 'headphones', 'high'), ('headphones', 'high', 'note'), ('high', 'note', 'pretty'), ('note', 'pretty', 'weak'), ('pretty', 'weak', 'headphone'), ('weak', 'headphone', 'believe'), ('headphone', 'believe', 'headphone'), ('believe', 'headphone', 'base'), ('headphone', 'base', 'focus'), ('base', 'focus', 'able'), ('focus', 'able', 'play'), ('able', 'play', 'next'), ('play', 'next', 'song'), ('next', 'song', 'material'), ('song', 'material', 'use'), ('material', 'use', 'plastic'), ('use', 'plastic', 'except'), ('plastic', 'except', 'band'), ('except', 'band', 'part'), ('band', 'part', 'aluminum'), ('part', 'aluminum', 'bit'), ('aluminum', 'bit', 'disappointed'), ('bit', 'disappointed', 'material'), ('disappointed', 'material', 'time'), ('material', 'time', 'notice'), ('time', 'notice', 'plastic'), ('notice', 'plastic', 'build'), ('plastic', 'build', 'quality'), ('build', 'quality', 'pretty'), ('quality', 'pretty', 'good'), ('pretty', 'good', 'look'), ('good', 'look', 'like'), ('look', 'like', 'plastic'), ('like', 'plastic', 'sound'), ('plastic', 'sound', 'tendency'), ('sound', 'tendency', 'base'), ('tendency', 'base', 'powerful'), ('base', 'powerful', 'distortion'), ('powerful', 'distortion', 'mid'), ('distortion', 'mid', 'sound'), ('mid', 'sound', 'resolution'), ('sound', 'resolution', 'high'), ('resolution', 'high', 'clear'), ('high', 'clear', 'high'), ('clear', 'high', 'get'), ('high', 'get', 'high'), ('get', 'high', 'note'), ('high', 'note', 'felt'), ('note', 'felt', 'like'), ('felt', 'like', 'resolution'), ('like', 'resolution', 'low'), ('resolution', 'low', 'overview'), ('low', 'overview', 'headphone'), ('overview', 'headphone', 'sure'), ('headphone', 'sure', 'base'), ('sure', 'base', 'orient'), ('base', 'orient', 'headphone'), ('orient', 'headphone', 'enjoy'), ('headphone', 'enjoy', 'listen'), ('enjoy', 'listen', 'pop'), ('listen', 'pop', 'hip'), ('pop', 'hip', 'hop'), ('hip', 'hop', 'edm'), ('hop', 'edm', 'definitely'), ('edm', 'definitely', 'go'), ('definitely', 'go', 'headphone'), ('go', 'headphone', 'want'), ('headphone', 'want', 'listen'), ('want', 'listen', 'classical'), ('listen', 'classical', 'music'), ('classical', 'music', 'especially'), ('music', 'especially', 'piano'), ('especially', 'piano', 'would'), ('piano', 'would', 'recommend'), ('would', 'recommend', 'since'), ('recommend', 'since', 'piano'), ('since', 'piano', 'sound'), ('piano', 'sound', 'high'), ('sound', 'high', 'note'), ('high', 'note', 'quite'), ('note', 'quite', 'bad'), ('quite', 'bad', 'felt'), ('bad', 'felt', 'like'), ('felt', 'like', 'sense'), ('like', 'sense', 'distortion'), ('sense', 'distortion', 'go'), ('distortion', 'go', 'code'), ('go', 'code', 'bh'), ('code', 'bh', 'mi'), ('bh', 'mi', 'shop'), ('mi', 'shop', 'link'), ('shop', 'link', 'thanks'), ('link', 'thanks', 'read'), ('thanks', 'read', 'processing'), ('read', 'processing', 'img'), ('processing', 'img', 'b'), ('img', 'b', 'ul'), ('b', 'ul', 'ayat')]"
5,ProductReviews,US ONLY! Free!,"We have free item for US only!

Nitrile Disposable Gloves 100pcs

If you are interested, please contact me!",free item u nitrile disposable glove pcs interested please contact,"[('free', 'item'), ('item', 'u'), ('u', 'nitrile'), ('nitrile', 'disposable'), ('disposable', 'glove'), ('glove', 'pcs'), ('pcs', 'interested'), ('interested', 'please'), ('please', 'contact')]","[('free', 'item', 'u'), ('item', 'u', 'nitrile'), ('u', 'nitrile', 'disposable'), ('nitrile', 'disposable', 'glove'), ('disposable', 'glove', 'pcs'), ('glove', 'pcs', 'interested'), ('pcs', 'interested', 'please'), ('interested', 'please', 'contact')]"
6,ProductReviews,I just launched a tech product review page on Youtube,"I will review different tech products every week. Join and you will not regret!


https://www.youtube.com/channel/UClxejIRGVxAIvIArUWV15MA",review different tech product every week join regret,"[('review', 'different'), ('different', 'tech'), ('tech', 'product'), ('product', 'every'), ('every', 'week'), ('week', 'join'), ('join', 'regret')]","[('review', 'different', 'tech'), ('different', 'tech', 'product'), ('tech', 'product', 'every'), ('product', 'every', 'week'), ('every', 'week', 'join'), ('week', 'join', 'regret')]"
7,ProductReviews,"Best Muscle "" massage "" Guns in 2020 - Reviews"," A percussion massager or massage gun is extremely useful for anyone who has sore muscles, muscle tension, or aches and pains due to muscle cramps or connective tissue. Many of those massage  
guns are made to pinpoint specific muscles, especially if there are multiple attachments. The  
cone attachment, as an example, can help once you would like to pinpoint muscles within the balls or heels  
of your feet.  
Many athletes can enjoy employing a massage gun after hard workouts. If you've got any sort of   
tension in your muscles that you simply want to work through, it's often a beneficial a neighborhood of your  
pre-workout and post-workout routine.

For those with lower back pain, a massage gun is usually a really intense tool for daily relief and therapy.  
There are endless benefits that you simply are going to be getting from a muscle gun. However, most one is going to be relieving tension after intense workouts. just in case you're a workout enthusiast, this product should be a necessity. aside from accelerating muscle recovery, they're going to be good for warm-up before engaging in sports activities. The convenience you get from these units is that you simply can enjoy a massage anytime and from anywhere since they're portable. The market offers numerous options as far as muscle guns are concerned. It will, therefore, end up being hectic choosing one from the various muscle guns available. that ought to however not worry you since we already made a compilation for you.  
Just ensure to read through this post and spot the perfect pick supported the features you'd like during a muscle gun at an honest price. [Read more](https://goldenoppr.blogspot.com/2020/04/Best-Muscle-Guns-in-2020-Reviews.html)",percussion massager massage gun extremely useful anyone sore muscle muscle tension ache pain due muscle cramp connective tissue many massage gun make pinpoint specific muscle especially multiple attachment cone attachment example help would like pinpoint muscle within ball heels foot many athlete enjoy employ massage gun hard workout get sort tension muscle simply want work often beneficial neighborhood pre workout post workout routine low back pain massage gun usually really intense tool daily relief therapy endless benefit simply go get muscle gun however one go relieve tension intense workouts case workout enthusiast product necessity aside accelerate muscle recovery they're go good warm engage sport activity convenience get unit simply enjoy massage anytime anywhere since they're portable market offer numerous option far muscle gun concern therefore end hectic choose one various muscle gun available ought however worry since already make compilation ensure read post spot perfect pick support feature like muscle gun honest price read,"[('percussion', 'massager'), ('massager', 'massage'), ('massage', 'gun'), ('gun', 'extremely'), ('extremely', 'useful'), ('useful', 'anyone'), ('anyone', 'sore'), ('sore', 'muscle'), ('muscle', 'muscle'), ('muscle', 'tension'), ('tension', 'ache'), ('ache', 'pain'), ('pain', 'due'), ('due', 'muscle'), ('muscle', 'cramp'), ('cramp', 'connective'), ('connective', 'tissue'), ('tissue', 'many'), ('many', 'massage'), ('massage', 'gun'), ('gun', 'make'), ('make', 'pinpoint'), ('pinpoint', 'specific'), ('specific', 'muscle'), ('muscle', 'especially'), ('especially', 'multiple'), ('multiple', 'attachment'), ('attachment', 'cone'), ('cone', 'attachment'), ('attachment', 'example'), ('example', 'help'), ('help', 'would'), ('would', 'like'), ('like', 'pinpoint'), ('pinpoint', 'muscle'), ('muscle', 'within'), ('within', 'ball'), ('ball', 'heels'), ('heels', 'foot'), ('foot', 'many'), ('many', 'athlete'), ('athlete', 'enjoy'), ('enjoy', 'employ'), ('employ', 'massage'), ('massage', 'gun'), ('gun', 'hard'), ('hard', 'workout'), ('workout', 'get'), ('get', 'sort'), ('sort', 'tension'), ('tension', 'muscle'), ('muscle', 'simply'), ('simply', 'want'), ('want', 'work'), ('work', 'often'), ('often', 'beneficial'), ('beneficial', 'neighborhood'), ('neighborhood', 'pre'), ('pre', 'workout'), ('workout', 'post'), ('post', 'workout'), ('workout', 'routine'), ('routine', 'low'), ('low', 'back'), ('back', 'pain'), ('pain', 'massage'), ('massage', 'gun'), ('gun', 'usually'), ('usually', 'really'), ('really', 'intense'), ('intense', 'tool'), ('tool', 'daily'), ('daily', 'relief'), ('relief', 'therapy'), ('therapy', 'endless'), ('endless', 'benefit'), ('benefit', 'simply'), ('simply', 'go'), ('go', 'get'), ('get', 'muscle'), ('muscle', 'gun'), ('gun', 'however'), ('however', 'one'), ('one', 'go'), ('go', 'relieve'), ('relieve', 'tension'), ('tension', 'intense'), ('intense', 'workouts'), ('workouts', 'case'), ('case', 'workout'), ('workout', 'enthusiast'), ('enthusiast', 'product'), ('product', 'necessity'), ('necessity', 'aside'), ('aside', 'accelerate'), ('accelerate', 'muscle'), ('muscle', 'recovery'), ('recovery', ""they're""), (""they're"", 'go'), ('go', 'good'), ('good', 'warm'), ('warm', 'engage'), ('engage', 'sport'), ('sport', 'activity'), ('activity', 'convenience'), ('convenience', 'get'), ('get', 'unit'), ('unit', 'simply'), ('simply', 'enjoy'), ('enjoy', 'massage'), ('massage', 'anytime'), ('anytime', 'anywhere'), ('anywhere', 'since'), ('since', ""they're""), (""they're"", 'portable'), ('portable', 'market'), ('market', 'offer'), ('offer', 'numerous'), ('numerous', 'option'), ('option', 'far'), ('far', 'muscle'), ('muscle', 'gun'), ('gun', 'concern'), ('concern', 'therefore'), ('therefore', 'end'), ('end', 'hectic'), ('hectic', 'choose'), ('choose', 'one'), ('one', 'various'), ('various', 'muscle'), ('muscle', 'gun'), ('gun', 'available'), ('available', 'ought'), ('ought', 'however'), ('however', 'worry'), ('worry', 'since'), ('since', 'already'), ('already', 'make'), ('make', 'compilation'), ('compilation', 'ensure'), ('ensure', 'read'), ('read', 'post'), ('post', 'spot'), ('spot', 'perfect'), ('perfect', 'pick'), ('pick', 'support'), ('support', 'feature'), ('feature', 'like'), ('like', 'muscle'), ('muscle', 'gun'), ('gun', 'honest'), ('honest', 'price'), ('price', 'read')]","[('percussion', 'massager', 'massage'), ('massager', 'massage', 'gun'), ('massage', 'gun', 'extremely'), ('gun', 'extremely', 'useful'), ('extremely', 'useful', 'anyone'), ('useful', 'anyone', 'sore'), ('anyone', 'sore', 'muscle'), ('sore', 'muscle', 'muscle'), ('muscle', 'muscle', 'tension'), ('muscle', 'tension', 'ache'), ('tension', 'ache', 'pain'), ('ache', 'pain', 'due'), ('pain', 'due', 'muscle'), ('due', 'muscle', 'cramp'), ('muscle', 'cramp', 'connective'), ('cramp', 'connective', 'tissue'), ('connective', 'tissue', 'many'), ('tissue', 'many', 'massage'), ('many', 'massage', 'gun'), ('massage', 'gun', 'make'), ('gun', 'make', 'pinpoint'), ('make', 'pinpoint', 'specific'), ('pinpoint', 'specific', 'muscle'), ('specific', 'muscle', 'especially'), ('muscle', 'especially', 'multiple'), ('especially', 'multiple', 'attachment'), ('multiple', 'attachment', 'cone'), ('attachment', 'cone', 'attachment'), ('cone', 'attachment', 'example'), ('attachment', 'example', 'help'), ('example', 'help', 'would'), ('help', 'would', 'like'), ('would', 'like', 'pinpoint'), ('like', 'pinpoint', 'muscle'), ('pinpoint', 'muscle', 'within'), ('muscle', 'within', 'ball'), ('within', 'ball', 'heels'), ('ball', 'heels', 'foot'), ('heels', 'foot', 'many'), ('foot', 'many', 'athlete'), ('many', 'athlete', 'enjoy'), ('athlete', 'enjoy', 'employ'), ('enjoy', 'employ', 'massage'), ('employ', 'massage', 'gun'), ('massage', 'gun', 'hard'), ('gun', 'hard', 'workout'), ('hard', 'workout', 'get'), ('workout', 'get', 'sort'), ('get', 'sort', 'tension'), ('sort', 'tension', 'muscle'), ('tension', 'muscle', 'simply'), ('muscle', 'simply', 'want'), ('simply', 'want', 'work'), ('want', 'work', 'often'), ('work', 'often', 'beneficial'), ('often', 'beneficial', 'neighborhood'), ('beneficial', 'neighborhood', 'pre'), ('neighborhood', 'pre', 'workout'), ('pre', 'workout', 'post'), ('workout', 'post', 'workout'), ('post', 'workout', 'routine'), ('workout', 'routine', 'low'), ('routine', 'low', 'back'), ('low', 'back', 'pain'), ('back', 'pain', 'massage'), ('pain', 'massage', 'gun'), ('massage', 'gun', 'usually'), ('gun', 'usually', 'really'), ('usually', 'really', 'intense'), ('really', 'intense', 'tool'), ('intense', 'tool', 'daily'), ('tool', 'daily', 'relief'), ('daily', 'relief', 'therapy'), ('relief', 'therapy', 'endless'), ('therapy', 'endless', 'benefit'), ('endless', 'benefit', 'simply'), ('benefit', 'simply', 'go'), ('simply', 'go', 'get'), ('go', 'get', 'muscle'), ('get', 'muscle', 'gun'), ('muscle', 'gun', 'however'), ('gun', 'however', 'one'), ('however', 'one', 'go'), ('one', 'go', 'relieve'), ('go', 'relieve', 'tension'), ('relieve', 'tension', 'intense'), ('tension', 'intense', 'workouts'), ('intense', 'workouts', 'case'), ('workouts', 'case', 'workout'), ('case', 'workout', 'enthusiast'), ('workout', 'enthusiast', 'product'), ('enthusiast', 'product', 'necessity'), ('product', 'necessity', 'aside'), ('necessity', 'aside', 'accelerate'), ('aside', 'accelerate', 'muscle'), ('accelerate', 'muscle', 'recovery'), ('muscle', 'recovery', ""they're""), ('recovery', ""they're"", 'go'), (""they're"", 'go', 'good'), ('go', 'good', 'warm'), ('good', 'warm', 'engage'), ('warm', 'engage', 'sport'), ('engage', 'sport', 'activity'), ('sport', 'activity', 'convenience'), ('activity', 'convenience', 'get'), ('convenience', 'get', 'unit'), ('get', 'unit', 'simply'), ('unit', 'simply', 'enjoy'), ('simply', 'enjoy', 'massage'), ('enjoy', 'massage', 'anytime'), ('massage', 'anytime', 'anywhere'), ('anytime', 'anywhere', 'since'), ('anywhere', 'since', ""they're""), ('since', ""they're"", 'portable'), (""they're"", 'portable', 'market'), ('portable', 'market', 'offer'), ('market', 'offer', 'numerous'), ('offer', 'numerous', 'option'), ('numerous', 'option', 'far'), ('option', 'far', 'muscle'), ('far', 'muscle', 'gun'), ('muscle', 'gun', 'concern'), ('gun', 'concern', 'therefore'), ('concern', 'therefore', 'end'), ('therefore', 'end', 'hectic'), ('end', 'hectic', 'choose'), ('hectic', 'choose', 'one'), ('choose', 'one', 'various'), ('one', 'various', 'muscle'), ('various', 'muscle', 'gun'), ('muscle', 'gun', 'available'), ('gun', 'available', 'ought'), ('available', 'ought', 'however'), ('ought', 'however', 'worry'), ('however', 'worry', 'since'), ('worry', 'since', 'already'), ('since', 'already', 'make'), ('already', 'make', 'compilation'), ('make', 'compilation', 'ensure'), ('compilation', 'ensure', 'read'), ('ensure', 'read', 'post'), ('read', 'post', 'spot'), ('post', 'spot', 'perfect'), ('spot', 'perfect', 'pick'), ('perfect', 'pick', 'support'), ('pick', 'support', 'feature'), ('support', 'feature', 'like'), ('feature', 'like', 'muscle'), ('like', 'muscle', 'gun'), ('muscle', 'gun', 'honest'), ('gun', 'honest', 'price'), ('honest', 'price', 'read')]"
8,ProductReviews,Did Thymuskin hair-growth treatment give you acne?,"I have been using Thymuskin hair shampoo and serum (medium) for under a month.

&amp;#x200B;

The positive effects on the hair are noticeable, the hair already seems denser, shinier, and visibly regenerating. The perfume of the products is subtle and nice. 

&amp;#x200B;

However, I have a history of acne and I have been acne-free since I was 21. I am now in my early 30. So after not even a month of using these products, I have experienced a very aggressive acne eruption on my face, my back and my chest, like I haven't had since I was a teenager. I feel quite silly because I didn't think beforehand that this product, as it mimics the thymus gland, will have that effect on me. 

&amp;#x200B;

I wish that the developers of these products had been more thorough, transparent and professional in testing their product than just saying that it has no side effects: I find it highly unlikely that I am the only one experiencing this.

I have a normal weight, I follow a plant-based diet, I don't take contraceptives, or any other medication, do HIIT trainings once every other day. The only thing new in my routine was Thymuskin :(

So I recommend it but only if you do not have a history of acne, as it will affect you pretty badly. 

What was your experience with this product or other hair-growth products?",use thymuskin hair shampoo serum medium month amp x b positive effect hair noticeable hair already seem denser shinier visibly regenerate perfume product subtle nice amp x b however history acne acne free since early even month use product experience aggressive acne eruption face back chest like since teenager feel quite silly think beforehand product mimic thymus gland effect amp x b wish developer product thorough transparent professional test product say side effect find highly unlikely one experience normal weight follow plant base diet take contraceptive medication hiit training every day thing new routine thymuskin recommend history acne affect pretty badly experience product hair growth product,"[('use', 'thymuskin'), ('thymuskin', 'hair'), ('hair', 'shampoo'), ('shampoo', 'serum'), ('serum', 'medium'), ('medium', 'month'), ('month', 'amp'), ('amp', 'x'), ('x', 'b'), ('b', 'positive'), ('positive', 'effect'), ('effect', 'hair'), ('hair', 'noticeable'), ('noticeable', 'hair'), ('hair', 'already'), ('already', 'seem'), ('seem', 'denser'), ('denser', 'shinier'), ('shinier', 'visibly'), ('visibly', 'regenerate'), ('regenerate', 'perfume'), ('perfume', 'product'), ('product', 'subtle'), ('subtle', 'nice'), ('nice', 'amp'), ('amp', 'x'), ('x', 'b'), ('b', 'however'), ('however', 'history'), ('history', 'acne'), ('acne', 'acne'), ('acne', 'free'), ('free', 'since'), ('since', 'early'), ('early', 'even'), ('even', 'month'), ('month', 'use'), ('use', 'product'), ('product', 'experience'), ('experience', 'aggressive'), ('aggressive', 'acne'), ('acne', 'eruption'), ('eruption', 'face'), ('face', 'back'), ('back', 'chest'), ('chest', 'like'), ('like', 'since'), ('since', 'teenager'), ('teenager', 'feel'), ('feel', 'quite'), ('quite', 'silly'), ('silly', 'think'), ('think', 'beforehand'), ('beforehand', 'product'), ('product', 'mimic'), ('mimic', 'thymus'), ('thymus', 'gland'), ('gland', 'effect'), ('effect', 'amp'), ('amp', 'x'), ('x', 'b'), ('b', 'wish'), ('wish', 'developer'), ('developer', 'product'), ('product', 'thorough'), ('thorough', 'transparent'), ('transparent', 'professional'), ('professional', 'test'), ('test', 'product'), ('product', 'say'), ('say', 'side'), ('side', 'effect'), ('effect', 'find'), ('find', 'highly'), ('highly', 'unlikely'), ('unlikely', 'one'), ('one', 'experience'), ('experience', 'normal'), ('normal', 'weight'), ('weight', 'follow'), ('follow', 'plant'), ('plant', 'base'), ('base', 'diet'), ('diet', 'take'), ('take', 'contraceptive'), ('contraceptive', 'medication'), ('medication', 'hiit'), ('hiit', 'training'), ('training', 'every'), ('every', 'day'), ('day', 'thing'), ('thing', 'new'), ('new', 'routine'), ('routine', 'thymuskin'), ('thymuskin', 'recommend'), ('recommend', 'history'), ('history', 'acne'), ('acne', 'affect'), ('affect', 'pretty'), ('pretty', 'badly'), ('badly', 'experience'), ('experience', 'product'), ('product', 'hair'), ('hair', 'growth'), ('growth', 'product')]","[('use', 'thymuskin', 'hair'), ('thymuskin', 'hair', 'shampoo'), ('hair', 'shampoo', 'serum'), ('shampoo', 'serum', 'medium'), ('serum', 'medium', 'month'), ('medium', 'month', 'amp'), ('month', 'amp', 'x'), ('amp', 'x', 'b'), ('x', 'b', 'positive'), ('b', 'positive', 'effect'), ('positive', 'effect', 'hair'), ('effect', 'hair', 'noticeable'), ('hair', 'noticeable', 'hair'), ('noticeable', 'hair', 'already'), ('hair', 'already', 'seem'), ('already', 'seem', 'denser'), ('seem', 'denser', 'shinier'), ('denser', 'shinier', 'visibly'), ('shinier', 'visibly', 'regenerate'), ('visibly', 'regenerate', 'perfume'), ('regenerate', 'perfume', 'product'), ('perfume', 'product', 'subtle'), ('product', 'subtle', 'nice'), ('subtle', 'nice', 'amp'), ('nice', 'amp', 'x'), ('amp', 'x', 'b'), ('x', 'b', 'however'), ('b', 'however', 'history'), ('however', 'history', 'acne'), ('history', 'acne', 'acne'), ('acne', 'acne', 'free'), ('acne', 'free', 'since'), ('free', 'since', 'early'), ('since', 'early', 'even'), ('early', 'even', 'month'), ('even', 'month', 'use'), ('month', 'use', 'product'), ('use', 'product', 'experience'), ('product', 'experience', 'aggressive'), ('experience', 'aggressive', 'acne'), ('aggressive', 'acne', 'eruption'), ('acne', 'eruption', 'face'), ('eruption', 'face', 'back'), ('face', 'back', 'chest'), ('back', 'chest', 'like'), ('chest', 'like', 'since'), ('like', 'since', 'teenager'), ('since', 'teenager', 'feel'), ('teenager', 'feel', 'quite'), ('feel', 'quite', 'silly'), ('quite', 'silly', 'think'), ('silly', 'think', 'beforehand'), ('think', 'beforehand', 'product'), ('beforehand', 'product', 'mimic'), ('product', 'mimic', 'thymus'), ('mimic', 'thymus', 'gland'), ('thymus', 'gland', 'effect'), ('gland', 'effect', 'amp'), ('effect', 'amp', 'x'), ('amp', 'x', 'b'), ('x', 'b', 'wish'), ('b', 'wish', 'developer'), ('wish', 'developer', 'product'), ('developer', 'product', 'thorough'), ('product', 'thorough', 'transparent'), ('thorough', 'transparent', 'professional'), ('transparent', 'professional', 'test'), ('professional', 'test', 'product'), ('test', 'product', 'say'), ('product', 'say', 'side'), ('say', 'side', 'effect'), ('side', 'effect', 'find'), ('effect', 'find', 'highly'), ('find', 'highly', 'unlikely'), ('highly', 'unlikely', 'one'), ('unlikely', 'one', 'experience'), ('one', 'experience', 'normal'), ('experience', 'normal', 'weight'), ('normal', 'weight', 'follow'), ('weight', 'follow', 'plant'), ('follow', 'plant', 'base'), ('plant', 'base', 'diet'), ('base', 'diet', 'take'), ('diet', 'take', 'contraceptive'), ('take', 'contraceptive', 'medication'), ('contraceptive', 'medication', 'hiit'), ('medication', 'hiit', 'training'), ('hiit', 'training', 'every'), ('training', 'every', 'day'), ('every', 'day', 'thing'), ('day', 'thing', 'new'), ('thing', 'new', 'routine'), ('new', 'routine', 'thymuskin'), ('routine', 'thymuskin', 'recommend'), ('thymuskin', 'recommend', 'history'), ('recommend', 'history', 'acne'), ('history', 'acne', 'affect'), ('acne', 'affect', 'pretty'), ('affect', 'pretty', 'badly'), ('pretty', 'badly', 'experience'), ('badly', 'experience', 'product'), ('experience', 'product', 'hair'), ('product', 'hair', 'growth'), ('hair', 'growth', 'product')]"
9,ProductReviews,Self-installed bluetooth in 15 yr old Scion in 20 mins for $65 with this product. High satisfaction.," I rarely review anything except books, and this is an excellent product.   Thanks Crutchfield.   Works Great! completely invisible!   [https://www.crutchfield.com/S-Hj5CBI06U1J/p\_249BTSTY2/Crux-BTS-TY2-Bluetooth-Interface.html?XVINQ=GLX&amp;awkw=256839942403&amp;awat=pla&amp;awnw=g&amp;awcr=116454146665&amp;awdv=c&amp;awug=9031945&amp;gclid=Cj0KCQjwyPbzBRDsARIsAFh15JaO1TAd6s28XBqQwvttEoH-2IEywU9jH1Ox2E3legJ-CT-n8T75d4gaAnJ5EALw\_wcB](https://www.crutchfield.com/S-Hj5CBI06U1J/p_249BTSTY2/Crux-BTS-TY2-Bluetooth-Interface.html?XVINQ=GLX&amp;awkw=256839942403&amp;awat=pla&amp;awnw=g&amp;awcr=116454146665&amp;awdv=c&amp;awug=9031945&amp;gclid=Cj0KCQjwyPbzBRDsARIsAFh15JaO1TAd6s28XBqQwvttEoH-2IEywU9jH1Ox2E3legJ-CT-n8T75d4gaAnJ5EALw_wcB)",rarely review anything except book excellent product thanks crutchfield work great completely invisible,"[('rarely', 'review'), ('review', 'anything'), ('anything', 'except'), ('except', 'book'), ('book', 'excellent'), ('excellent', 'product'), ('product', 'thanks'), ('thanks', 'crutchfield'), ('crutchfield', 'work'), ('work', 'great'), ('great', 'completely'), ('completely', 'invisible')]","[('rarely', 'review', 'anything'), ('review', 'anything', 'except'), ('anything', 'except', 'book'), ('except', 'book', 'excellent'), ('book', 'excellent', 'product'), ('excellent', 'product', 'thanks'), ('product', 'thanks', 'crutchfield'), ('thanks', 'crutchfield', 'work'), ('crutchfield', 'work', 'great'), ('work', 'great', 'completely'), ('great', 'completely', 'invisible')]"
10,ProductReviews,“Comfy Kiddo” a reliable webshop?,"[Review]
I wanted to share my personal experience regarding a purchase from “Comfy Kiddo”. I landed on this website through a facebook ad, I liked the product (All-In-One Ergonomic Baby Carrier | 0-36 Months) but I wasn’t sure if this is a reliable seller or just another scam. So I tried to look up on internet , apparently no one ever heard about this brand “comfy kiddo”. If I look in the comment section in the facebook ad I see only positive comments (bit suspicious) and other people are just excited and waiting for their product to arrive. If I open their website everything looks genuine and professional but still I’m a bit skeptical why no one else has made a youtube review of their product or something like that, then again I thought maybe they are small business? And not so popular?

Still not so convinced about the authenticity of this webshop, but I like the product so much that I went ahead and ordered it, two weeks later my ‘comfy kiddo baby carrier’ arrives (which I wasn’t so sure about) but I immediately found out what happened. This baby carrier is not ‘comfy kiddo’ product but actually made by another company called “AIEBAO” and its 3x cheaper (plus free shipping). 

Bit disappointed but I like the product, only thing that I paid too much. I posted my comment on their facebook page:

“This is not a comfy kiddo product, this baby carrier is actually made by ‘Aiebao’ and its 3x cheaper in some stores (plus free shipping)”

3 hours later my comment is removed by their social media team and I am blocked from making any additional comments on their page. 

Has anyone else experienced something like that??


[Comfy Kiddo](https://comfykiddo.co)",review want share personal experience regard purchase comfy kiddo land website facebook ad like product one ergonomic baby carrier month sure reliable seller another scam try look internet apparently one ever hear brand comfy kiddo look comment section facebook ad see positive comment bit suspicious people excite wait product arrive open website everything look genuine professional still bit skeptical one else make youtube review product something like thought maybe small business popular still convince authenticity webshop like product much go ahead order two week later comfy kiddo baby carrier arrive sure immediately find happen baby carrier comfy kiddo product actually make another company call aiebao x cheap plus free shipping bit disappointed like product thing pay much post comment facebook page comfy kiddo product baby carrier actually make aiebao x cheaper store plus free shipping hour later comment remove social medium team block make additional comment page anyone else experience something like comfy kiddo,"[('review', 'want'), ('want', 'share'), ('share', 'personal'), ('personal', 'experience'), ('experience', 'regard'), ('regard', 'purchase'), ('purchase', 'comfy'), ('comfy', 'kiddo'), ('kiddo', 'land'), ('land', 'website'), ('website', 'facebook'), ('facebook', 'ad'), ('ad', 'like'), ('like', 'product'), ('product', 'one'), ('one', 'ergonomic'), ('ergonomic', 'baby'), ('baby', 'carrier'), ('carrier', 'month'), ('month', 'sure'), ('sure', 'reliable'), ('reliable', 'seller'), ('seller', 'another'), ('another', 'scam'), ('scam', 'try'), ('try', 'look'), ('look', 'internet'), ('internet', 'apparently'), ('apparently', 'one'), ('one', 'ever'), ('ever', 'hear'), ('hear', 'brand'), ('brand', 'comfy'), ('comfy', 'kiddo'), ('kiddo', 'look'), ('look', 'comment'), ('comment', 'section'), ('section', 'facebook'), ('facebook', 'ad'), ('ad', 'see'), ('see', 'positive'), ('positive', 'comment'), ('comment', 'bit'), ('bit', 'suspicious'), ('suspicious', 'people'), ('people', 'excite'), ('excite', 'wait'), ('wait', 'product'), ('product', 'arrive'), ('arrive', 'open'), ('open', 'website'), ('website', 'everything'), ('everything', 'look'), ('look', 'genuine'), ('genuine', 'professional'), ('professional', 'still'), ('still', 'bit'), ('bit', 'skeptical'), ('skeptical', 'one'), ('one', 'else'), ('else', 'make'), ('make', 'youtube'), ('youtube', 'review'), ('review', 'product'), ('product', 'something'), ('something', 'like'), ('like', 'thought'), ('thought', 'maybe'), ('maybe', 'small'), ('small', 'business'), ('business', 'popular'), ('popular', 'still'), ('still', 'convince'), ('convince', 'authenticity'), ('authenticity', 'webshop'), ('webshop', 'like'), ('like', 'product'), ('product', 'much'), ('much', 'go'), ('go', 'ahead'), ('ahead', 'order'), ('order', 'two'), ('two', 'week'), ('week', 'later'), ('later', 'comfy'), ('comfy', 'kiddo'), ('kiddo', 'baby'), ('baby', 'carrier'), ('carrier', 'arrive'), ('arrive', 'sure'), ('sure', 'immediately'), ('immediately', 'find'), ('find', 'happen'), ('happen', 'baby'), ('baby', 'carrier'), ('carrier', 'comfy'), ('comfy', 'kiddo'), ('kiddo', 'product'), ('product', 'actually'), ('actually', 'make'), ('make', 'another'), ('another', 'company'), ('company', 'call'), ('call', 'aiebao'), ('aiebao', 'x'), ('x', 'cheap'), ('cheap', 'plus'), ('plus', 'free'), ('free', 'shipping'), ('shipping', 'bit'), ('bit', 'disappointed'), ('disappointed', 'like'), ('like', 'product'), ('product', 'thing'), ('thing', 'pay'), ('pay', 'much'), ('much', 'post'), ('post', 'comment'), ('comment', 'facebook'), ('facebook', 'page'), ('page', 'comfy'), ('comfy', 'kiddo'), ('kiddo', 'product'), ('product', 'baby'), ('baby', 'carrier'), ('carrier', 'actually'), ('actually', 'make'), ('make', 'aiebao'), ('aiebao', 'x'), ('x', 'cheaper'), ('cheaper', 'store'), ('store', 'plus'), ('plus', 'free'), ('free', 'shipping'), ('shipping', 'hour'), ('hour', 'later'), ('later', 'comment'), ('comment', 'remove'), ('remove', 'social'), ('social', 'medium'), ('medium', 'team'), ('team', 'block'), ('block', 'make'), ('make', 'additional'), ('additional', 'comment'), ('comment', 'page'), ('page', 'anyone'), ('anyone', 'else'), ('else', 'experience'), ('experience', 'something'), ('something', 'like'), ('like', 'comfy'), ('comfy', 'kiddo')]","[('review', 'want', 'share'), ('want', 'share', 'personal'), ('share', 'personal', 'experience'), ('personal', 'experience', 'regard'), ('experience', 'regard', 'purchase'), ('regard', 'purchase', 'comfy'), ('purchase', 'comfy', 'kiddo'), ('comfy', 'kiddo', 'land'), ('kiddo', 'land', 'website'), ('land', 'website', 'facebook'), ('website', 'facebook', 'ad'), ('facebook', 'ad', 'like'), ('ad', 'like', 'product'), ('like', 'product', 'one'), ('product', 'one', 'ergonomic'), ('one', 'ergonomic', 'baby'), ('ergonomic', 'baby', 'carrier'), ('baby', 'carrier', 'month'), ('carrier', 'month', 'sure'), ('month', 'sure', 'reliable'), ('sure', 'reliable', 'seller'), ('reliable', 'seller', 'another'), ('seller', 'another', 'scam'), ('another', 'scam', 'try'), ('scam', 'try', 'look'), ('try', 'look', 'internet'), ('look', 'internet', 'apparently'), ('internet', 'apparently', 'one'), ('apparently', 'one', 'ever'), ('one', 'ever', 'hear'), ('ever', 'hear', 'brand'), ('hear', 'brand', 'comfy'), ('brand', 'comfy', 'kiddo'), ('comfy', 'kiddo', 'look'), ('kiddo', 'look', 'comment'), ('look', 'comment', 'section'), ('comment', 'section', 'facebook'), ('section', 'facebook', 'ad'), ('facebook', 'ad', 'see'), ('ad', 'see', 'positive'), ('see', 'positive', 'comment'), ('positive', 'comment', 'bit'), ('comment', 'bit', 'suspicious'), ('bit', 'suspicious', 'people'), ('suspicious', 'people', 'excite'), ('people', 'excite', 'wait'), ('excite', 'wait', 'product'), ('wait', 'product', 'arrive'), ('product', 'arrive', 'open'), ('arrive', 'open', 'website'), ('open', 'website', 'everything'), ('website', 'everything', 'look'), ('everything', 'look', 'genuine'), ('look', 'genuine', 'professional'), ('genuine', 'professional', 'still'), ('professional', 'still', 'bit'), ('still', 'bit', 'skeptical'), ('bit', 'skeptical', 'one'), ('skeptical', 'one', 'else'), ('one', 'else', 'make'), ('else', 'make', 'youtube'), ('make', 'youtube', 'review'), ('youtube', 'review', 'product'), ('review', 'product', 'something'), ('product', 'something', 'like'), ('something', 'like', 'thought'), ('like', 'thought', 'maybe'), ('thought', 'maybe', 'small'), ('maybe', 'small', 'business'), ('small', 'business', 'popular'), ('business', 'popular', 'still'), ('popular', 'still', 'convince'), ('still', 'convince', 'authenticity'), ('convince', 'authenticity', 'webshop'), ('authenticity', 'webshop', 'like'), ('webshop', 'like', 'product'), ('like', 'product', 'much'), ('product', 'much', 'go'), ('much', 'go', 'ahead'), ('go', 'ahead', 'order'), ('ahead', 'order', 'two'), ('order', 'two', 'week'), ('two', 'week', 'later'), ('week', 'later', 'comfy'), ('later', 'comfy', 'kiddo'), ('comfy', 'kiddo', 'baby'), ('kiddo', 'baby', 'carrier'), ('baby', 'carrier', 'arrive'), ('carrier', 'arrive', 'sure'), ('arrive', 'sure', 'immediately'), ('sure', 'immediately', 'find'), ('immediately', 'find', 'happen'), ('find', 'happen', 'baby'), ('happen', 'baby', 'carrier'), ('baby', 'carrier', 'comfy'), ('carrier', 'comfy', 'kiddo'), ('comfy', 'kiddo', 'product'), ('kiddo', 'product', 'actually'), ('product', 'actually', 'make'), ('actually', 'make', 'another'), ('make', 'another', 'company'), ('another', 'company', 'call'), ('company', 'call', 'aiebao'), ('call', 'aiebao', 'x'), ('aiebao', 'x', 'cheap'), ('x', 'cheap', 'plus'), ('cheap', 'plus', 'free'), ('plus', 'free', 'shipping'), ('free', 'shipping', 'bit'), ('shipping', 'bit', 'disappointed'), ('bit', 'disappointed', 'like'), ('disappointed', 'like', 'product'), ('like', 'product', 'thing'), ('product', 'thing', 'pay'), ('thing', 'pay', 'much'), ('pay', 'much', 'post'), ('much', 'post', 'comment'), ('post', 'comment', 'facebook'), ('comment', 'facebook', 'page'), ('facebook', 'page', 'comfy'), ('page', 'comfy', 'kiddo'), ('comfy', 'kiddo', 'product'), ('kiddo', 'product', 'baby'), ('product', 'baby', 'carrier'), ('baby', 'carrier', 'actually'), ('carrier', 'actually', 'make'), ('actually', 'make', 'aiebao'), ('make', 'aiebao', 'x'), ('aiebao', 'x', 'cheaper'), ('x', 'cheaper', 'store'), ('cheaper', 'store', 'plus'), ('store', 'plus', 'free'), ('plus', 'free', 'shipping'), ('free', 'shipping', 'hour'), ('shipping', 'hour', 'later'), ('hour', 'later', 'comment'), ('later', 'comment', 'remove'), ('comment', 'remove', 'social'), ('remove', 'social', 'medium'), ('social', 'medium', 'team'), ('medium', 'team', 'block'), ('team', 'block', 'make'), ('block', 'make', 'additional'), ('make', 'additional', 'comment'), ('additional', 'comment', 'page'), ('comment', 'page', 'anyone'), ('page', 'anyone', 'else'), ('anyone', 'else', 'experience'), ('else', 'experience', 'something'), ('experience', 'something', 'like'), ('something', 'like', 'comfy'), ('like', 'comfy', 'kiddo')]"
11,ProductReviews,Curology Reviews,"Massive acne build-up, also known as the acne vulgaris, is not less than a catastrophe for a woman. It is a long-term disease of the skin caused by the clogging of hair follicles by oil from skin or the dead skin cells, usually faced by teenagers because of several hormonal fluctuations, and various other related reasons. In this article, we will be covering Curology reviews and all the other relevant subjects that surround Curology. With the onset of high dermatological issues persisting and continually growing, a great initiative Curology, by a dermatologist from New Mexico, has conceptualized. It is an online customized and prescribed skincare treatment. 

Curology is a start-up that works explicitly in treating acne and similar conditions. It provides you with a high-quality personalized experience customized to suit your skin type. It is one of the first telemedicine services giving the customer an online diagnosis along with it a monthly subscribable prescribed skincare routine. Additionally, there are online visits from dermatology professionals. It’s accessible, safe, and convenient.  If you’re looking for genuine [Curology Reviews](https://cheaperks.com/curology-reviews/)  then you are at the perfect webpage because we have covered everything about Curology.",massive acne build also know acne vulgaris less catastrophe woman long term disease skin cause clog hair follicle oil skin dead skin cell usually face teenager several hormonal fluctuation various related reason article cover curology review relevant subject surround curology onset high dermatological issue persist continually grow great initiative curology dermatologist new mexico conceptualize online customize prescribed skincare treatment curology start work explicitly treat acne similar condition provide high quality personalize experience customize suit skin type one first telemedicine service give customer online diagnosis along monthly subscribable prescribe skincare routine additionally online visit dermatology professional accessible safe convenient look genuine curology review perfect webpage cover everything curology,"[('massive', 'acne'), ('acne', 'build'), ('build', 'also'), ('also', 'know'), ('know', 'acne'), ('acne', 'vulgaris'), ('vulgaris', 'less'), ('less', 'catastrophe'), ('catastrophe', 'woman'), ('woman', 'long'), ('long', 'term'), ('term', 'disease'), ('disease', 'skin'), ('skin', 'cause'), ('cause', 'clog'), ('clog', 'hair'), ('hair', 'follicle'), ('follicle', 'oil'), ('oil', 'skin'), ('skin', 'dead'), ('dead', 'skin'), ('skin', 'cell'), ('cell', 'usually'), ('usually', 'face'), ('face', 'teenager'), ('teenager', 'several'), ('several', 'hormonal'), ('hormonal', 'fluctuation'), ('fluctuation', 'various'), ('various', 'related'), ('related', 'reason'), ('reason', 'article'), ('article', 'cover'), ('cover', 'curology'), ('curology', 'review'), ('review', 'relevant'), ('relevant', 'subject'), ('subject', 'surround'), ('surround', 'curology'), ('curology', 'onset'), ('onset', 'high'), ('high', 'dermatological'), ('dermatological', 'issue'), ('issue', 'persist'), ('persist', 'continually'), ('continually', 'grow'), ('grow', 'great'), ('great', 'initiative'), ('initiative', 'curology'), ('curology', 'dermatologist'), ('dermatologist', 'new'), ('new', 'mexico'), ('mexico', 'conceptualize'), ('conceptualize', 'online'), ('online', 'customize'), ('customize', 'prescribed'), ('prescribed', 'skincare'), ('skincare', 'treatment'), ('treatment', 'curology'), ('curology', 'start'), ('start', 'work'), ('work', 'explicitly'), ('explicitly', 'treat'), ('treat', 'acne'), ('acne', 'similar'), ('similar', 'condition'), ('condition', 'provide'), ('provide', 'high'), ('high', 'quality'), ('quality', 'personalize'), ('personalize', 'experience'), ('experience', 'customize'), ('customize', 'suit'), ('suit', 'skin'), ('skin', 'type'), ('type', 'one'), ('one', 'first'), ('first', 'telemedicine'), ('telemedicine', 'service'), ('service', 'give'), ('give', 'customer'), ('customer', 'online'), ('online', 'diagnosis'), ('diagnosis', 'along'), ('along', 'monthly'), ('monthly', 'subscribable'), ('subscribable', 'prescribe'), ('prescribe', 'skincare'), ('skincare', 'routine'), ('routine', 'additionally'), ('additionally', 'online'), ('online', 'visit'), ('visit', 'dermatology'), ('dermatology', 'professional'), ('professional', 'accessible'), ('accessible', 'safe'), ('safe', 'convenient'), ('convenient', 'look'), ('look', 'genuine'), ('genuine', 'curology'), ('curology', 'review'), ('review', 'perfect'), ('perfect', 'webpage'), ('webpage', 'cover'), ('cover', 'everything'), ('everything', 'curology')]","[('massive', 'acne', 'build'), ('acne', 'build', 'also'), ('build', 'also', 'know'), ('also', 'know', 'acne'), ('know', 'acne', 'vulgaris'), ('acne', 'vulgaris', 'less'), ('vulgaris', 'less', 'catastrophe'), ('less', 'catastrophe', 'woman'), ('catastrophe', 'woman', 'long'), ('woman', 'long', 'term'), ('long', 'term', 'disease'), ('term', 'disease', 'skin'), ('disease', 'skin', 'cause'), ('skin', 'cause', 'clog'), ('cause', 'clog', 'hair'), ('clog', 'hair', 'follicle'), ('hair', 'follicle', 'oil'), ('follicle', 'oil', 'skin'), ('oil', 'skin', 'dead'), ('skin', 'dead', 'skin'), ('dead', 'skin', 'cell'), ('skin', 'cell', 'usually'), ('cell', 'usually', 'face'), ('usually', 'face', 'teenager'), ('face', 'teenager', 'several'), ('teenager', 'several', 'hormonal'), ('several', 'hormonal', 'fluctuation'), ('hormonal', 'fluctuation', 'various'), ('fluctuation', 'various', 'related'), ('various', 'related', 'reason'), ('related', 'reason', 'article'), ('reason', 'article', 'cover'), ('article', 'cover', 'curology'), ('cover', 'curology', 'review'), ('curology', 'review', 'relevant'), ('review', 'relevant', 'subject'), ('relevant', 'subject', 'surround'), ('subject', 'surround', 'curology'), ('surround', 'curology', 'onset'), ('curology', 'onset', 'high'), ('onset', 'high', 'dermatological'), ('high', 'dermatological', 'issue'), ('dermatological', 'issue', 'persist'), ('issue', 'persist', 'continually'), ('persist', 'continually', 'grow'), ('continually', 'grow', 'great'), ('grow', 'great', 'initiative'), ('great', 'initiative', 'curology'), ('initiative', 'curology', 'dermatologist'), ('curology', 'dermatologist', 'new'), ('dermatologist', 'new', 'mexico'), ('new', 'mexico', 'conceptualize'), ('mexico', 'conceptualize', 'online'), ('conceptualize', 'online', 'customize'), ('online', 'customize', 'prescribed'), ('customize', 'prescribed', 'skincare'), ('prescribed', 'skincare', 'treatment'), ('skincare', 'treatment', 'curology'), ('treatment', 'curology', 'start'), ('curology', 'start', 'work'), ('start', 'work', 'explicitly'), ('work', 'explicitly', 'treat'), ('explicitly', 'treat', 'acne'), ('treat', 'acne', 'similar'), ('acne', 'similar', 'condition'), ('similar', 'condition', 'provide'), ('condition', 'provide', 'high'), ('provide', 'high', 'quality'), ('high', 'quality', 'personalize'), ('quality', 'personalize', 'experience'), ('personalize', 'experience', 'customize'), ('experience', 'customize', 'suit'), ('customize', 'suit', 'skin'), ('suit', 'skin', 'type'), ('skin', 'type', 'one'), ('type', 'one', 'first'), ('one', 'first', 'telemedicine'), ('first', 'telemedicine', 'service'), ('telemedicine', 'service', 'give'), ('service', 'give', 'customer'), ('give', 'customer', 'online'), ('customer', 'online', 'diagnosis'), ('online', 'diagnosis', 'along'), ('diagnosis', 'along', 'monthly'), ('along', 'monthly', 'subscribable'), ('monthly', 'subscribable', 'prescribe'), ('subscribable', 'prescribe', 'skincare'), ('prescribe', 'skincare', 'routine'), ('skincare', 'routine', 'additionally'), ('routine', 'additionally', 'online'), ('additionally', 'online', 'visit'), ('online', 'visit', 'dermatology'), ('visit', 'dermatology', 'professional'), ('dermatology', 'professional', 'accessible'), ('professional', 'accessible', 'safe'), ('accessible', 'safe', 'convenient'), ('safe', 'convenient', 'look'), ('convenient', 'look', 'genuine'), ('look', 'genuine', 'curology'), ('genuine', 'curology', 'review'), ('curology', 'review', 'perfect'), ('review', 'perfect', 'webpage'), ('perfect', 'webpage', 'cover'), ('webpage', 'cover', 'everything'), ('cover', 'everything', 'curology')]"
12,ProductReviews,"Review of ""The 12 Minute Affiliate System""","WHAT IS THE 12 MINUTE AFFILIATE SYSTEM?

The 12 Minute Affiliate System is a new, revolutionary Online Marketing System that simplifies the entire money making process and makes the entire **Money-Making Process** and makes it easy for even the newest Affiliate Marketer to get everything set up before you go to bed tonight. It’s a 100% Easy, Done-For-You system designed to help you generate leads and sales, even if you've never made a sale online before.

&amp;#x200B;

https://preview.redd.it/9cz2f2ava8m41.jpg?width=316&amp;format=pjpg&amp;auto=webp&amp;s=e2de9bb6fe0cd8154963f9d756f8d3f68fc5a11a

WHY YOU NEED TO CHOOSE 12 MINUTE AFFILIATE?

**1) IT'S SIMPLE FOR BEGINNERS ALSO**

There are lots of system in the market who claim to help you to earn high profits are not so simple as they claim. It can frustrate you while learning that stuff. But with 12 Minute Affiliate, even the beginners can start getting results with the system in their week one.

**2) MAKE DAILY PROFITS**

Once you've got everything set up and running, you will feel common to earn online commissions multiple times a week. Sometimes you can earn multiple times a day. You must be amazed to know that top members of this program are earning their affiliate commission on daily basis.

**3) GENERATE MULTIPLE STREAMS OF INCOME**

With the help of this system **you can generate multiple streams of income**. This system automatically promotes multiple different affiliate products for you, simultaneously and it means that you can earn commissions from more than one product.

**4) FAST AND EASY SET-UP**

There is **no technicality required** for this affiliate system. It takes **no longer than 12 minutes**. There is a 90% chance that you will understand the whole system and make it run before going to bed.

**5) QUICK RESULT**

Once the system is set-up properly and you have done everything in place than you will see the results very quickly.

For detailed review, check our full review:  [https://www.thebackpackersboat.com/post/review-of-the-12-minute-affiliate-system](https://www.thebackpackersboat.com/post/review-of-the-12-minute-affiliate-system)",minute affiliate system minute affiliate system new revolutionary online marketing system simplifies entire money making process make entire money making process make easy even new affiliate marketer get everything set go bed tonight easy do system design help generate lead sale even never make sale online amp x b need choose minute affiliate simple beginner also lot system market claim help earn high profit simple claim frustrate learn stuff minute affiliate even beginner start get result system week one make daily profit get everything set run feel common earn online commission multiple time week sometimes earn multiple time day must amaze know top member program earn affiliate commission daily basis generate multiple streams income help system generate multiple streams income system automatically promote multiple different affiliate product simultaneously mean earn commission one product fast easy set technicality require affiliate system take long minute chance understand whole system make run go bed quick result system set properly do everything place see result quickly detail review check full review,"[('minute', 'affiliate'), ('affiliate', 'system'), ('system', 'minute'), ('minute', 'affiliate'), ('affiliate', 'system'), ('system', 'new'), ('new', 'revolutionary'), ('revolutionary', 'online'), ('online', 'marketing'), ('marketing', 'system'), ('system', 'simplifies'), ('simplifies', 'entire'), ('entire', 'money'), ('money', 'making'), ('making', 'process'), ('process', 'make'), ('make', 'entire'), ('entire', 'money'), ('money', 'making'), ('making', 'process'), ('process', 'make'), ('make', 'easy'), ('easy', 'even'), ('even', 'new'), ('new', 'affiliate'), ('affiliate', 'marketer'), ('marketer', 'get'), ('get', 'everything'), ('everything', 'set'), ('set', 'go'), ('go', 'bed'), ('bed', 'tonight'), ('tonight', 'easy'), ('easy', 'do'), ('do', 'system'), ('system', 'design'), ('design', 'help'), ('help', 'generate'), ('generate', 'lead'), ('lead', 'sale'), ('sale', 'even'), ('even', 'never'), ('never', 'make'), ('make', 'sale'), ('sale', 'online'), ('online', 'amp'), ('amp', 'x'), ('x', 'b'), ('b', 'need'), ('need', 'choose'), ('choose', 'minute'), ('minute', 'affiliate'), ('affiliate', 'simple'), ('simple', 'beginner'), ('beginner', 'also'), ('also', 'lot'), ('lot', 'system'), ('system', 'market'), ('market', 'claim'), ('claim', 'help'), ('help', 'earn'), ('earn', 'high'), ('high', 'profit'), ('profit', 'simple'), ('simple', 'claim'), ('claim', 'frustrate'), ('frustrate', 'learn'), ('learn', 'stuff'), ('stuff', 'minute'), ('minute', 'affiliate'), ('affiliate', 'even'), ('even', 'beginner'), ('beginner', 'start'), ('start', 'get'), ('get', 'result'), ('result', 'system'), ('system', 'week'), ('week', 'one'), ('one', 'make'), ('make', 'daily'), ('daily', 'profit'), ('profit', 'get'), ('get', 'everything'), ('everything', 'set'), ('set', 'run'), ('run', 'feel'), ('feel', 'common'), ('common', 'earn'), ('earn', 'online'), ('online', 'commission'), ('commission', 'multiple'), ('multiple', 'time'), ('time', 'week'), ('week', 'sometimes'), ('sometimes', 'earn'), ('earn', 'multiple'), ('multiple', 'time'), ('time', 'day'), ('day', 'must'), ('must', 'amaze'), ('amaze', 'know'), ('know', 'top'), ('top', 'member'), ('member', 'program'), ('program', 'earn'), ('earn', 'affiliate'), ('affiliate', 'commission'), ('commission', 'daily'), ('daily', 'basis'), ('basis', 'generate'), ('generate', 'multiple'), ('multiple', 'streams'), ('streams', 'income'), ('income', 'help'), ('help', 'system'), ('system', 'generate'), ('generate', 'multiple'), ('multiple', 'streams'), ('streams', 'income'), ('income', 'system'), ('system', 'automatically'), ('automatically', 'promote'), ('promote', 'multiple'), ('multiple', 'different'), ('different', 'affiliate'), ('affiliate', 'product'), ('product', 'simultaneously'), ('simultaneously', 'mean'), ('mean', 'earn'), ('earn', 'commission'), ('commission', 'one'), ('one', 'product'), ('product', 'fast'), ('fast', 'easy'), ('easy', 'set'), ('set', 'technicality'), ('technicality', 'require'), ('require', 'affiliate'), ('affiliate', 'system'), ('system', 'take'), ('take', 'long'), ('long', 'minute'), ('minute', 'chance'), ('chance', 'understand'), ('understand', 'whole'), ('whole', 'system'), ('system', 'make'), ('make', 'run'), ('run', 'go'), ('go', 'bed'), ('bed', 'quick'), ('quick', 'result'), ('result', 'system'), ('system', 'set'), ('set', 'properly'), ('properly', 'do'), ('do', 'everything'), ('everything', 'place'), ('place', 'see'), ('see', 'result'), ('result', 'quickly'), ('quickly', 'detail'), ('detail', 'review'), ('review', 'check'), ('check', 'full'), ('full', 'review')]","[('minute', 'affiliate', 'system'), ('affiliate', 'system', 'minute'), ('system', 'minute', 'affiliate'), ('minute', 'affiliate', 'system'), ('affiliate', 'system', 'new'), ('system', 'new', 'revolutionary'), ('new', 'revolutionary', 'online'), ('revolutionary', 'online', 'marketing'), ('online', 'marketing', 'system'), ('marketing', 'system', 'simplifies'), ('system', 'simplifies', 'entire'), ('simplifies', 'entire', 'money'), ('entire', 'money', 'making'), ('money', 'making', 'process'), ('making', 'process', 'make'), ('process', 'make', 'entire'), ('make', 'entire', 'money'), ('entire', 'money', 'making'), ('money', 'making', 'process'), ('making', 'process', 'make'), ('process', 'make', 'easy'), ('make', 'easy', 'even'), ('easy', 'even', 'new'), ('even', 'new', 'affiliate'), ('new', 'affiliate', 'marketer'), ('affiliate', 'marketer', 'get'), ('marketer', 'get', 'everything'), ('get', 'everything', 'set'), ('everything', 'set', 'go'), ('set', 'go', 'bed'), ('go', 'bed', 'tonight'), ('bed', 'tonight', 'easy'), ('tonight', 'easy', 'do'), ('easy', 'do', 'system'), ('do', 'system', 'design'), ('system', 'design', 'help'), ('design', 'help', 'generate'), ('help', 'generate', 'lead'), ('generate', 'lead', 'sale'), ('lead', 'sale', 'even'), ('sale', 'even', 'never'), ('even', 'never', 'make'), ('never', 'make', 'sale'), ('make', 'sale', 'online'), ('sale', 'online', 'amp'), ('online', 'amp', 'x'), ('amp', 'x', 'b'), ('x', 'b', 'need'), ('b', 'need', 'choose'), ('need', 'choose', 'minute'), ('choose', 'minute', 'affiliate'), ('minute', 'affiliate', 'simple'), ('affiliate', 'simple', 'beginner'), ('simple', 'beginner', 'also'), ('beginner', 'also', 'lot'), ('also', 'lot', 'system'), ('lot', 'system', 'market'), ('system', 'market', 'claim'), ('market', 'claim', 'help'), ('claim', 'help', 'earn'), ('help', 'earn', 'high'), ('earn', 'high', 'profit'), ('high', 'profit', 'simple'), ('profit', 'simple', 'claim'), ('simple', 'claim', 'frustrate'), ('claim', 'frustrate', 'learn'), ('frustrate', 'learn', 'stuff'), ('learn', 'stuff', 'minute'), ('stuff', 'minute', 'affiliate'), ('minute', 'affiliate', 'even'), ('affiliate', 'even', 'beginner'), ('even', 'beginner', 'start'), ('beginner', 'start', 'get'), ('start', 'get', 'result'), ('get', 'result', 'system'), ('result', 'system', 'week'), ('system', 'week', 'one'), ('week', 'one', 'make'), ('one', 'make', 'daily'), ('make', 'daily', 'profit'), ('daily', 'profit', 'get'), ('profit', 'get', 'everything'), ('get', 'everything', 'set'), ('everything', 'set', 'run'), ('set', 'run', 'feel'), ('run', 'feel', 'common'), ('feel', 'common', 'earn'), ('common', 'earn', 'online'), ('earn', 'online', 'commission'), ('online', 'commission', 'multiple'), ('commission', 'multiple', 'time'), ('multiple', 'time', 'week'), ('time', 'week', 'sometimes'), ('week', 'sometimes', 'earn'), ('sometimes', 'earn', 'multiple'), ('earn', 'multiple', 'time'), ('multiple', 'time', 'day'), ('time', 'day', 'must'), ('day', 'must', 'amaze'), ('must', 'amaze', 'know'), ('amaze', 'know', 'top'), ('know', 'top', 'member'), ('top', 'member', 'program'), ('member', 'program', 'earn'), ('program', 'earn', 'affiliate'), ('earn', 'affiliate', 'commission'), ('affiliate', 'commission', 'daily'), ('commission', 'daily', 'basis'), ('daily', 'basis', 'generate'), ('basis', 'generate', 'multiple'), ('generate', 'multiple', 'streams'), ('multiple', 'streams', 'income'), ('streams', 'income', 'help'), ('income', 'help', 'system'), ('help', 'system', 'generate'), ('system', 'generate', 'multiple'), ('generate', 'multiple', 'streams'), ('multiple', 'streams', 'income'), ('streams', 'income', 'system'), ('income', 'system', 'automatically'), ('system', 'automatically', 'promote'), ('automatically', 'promote', 'multiple'), ('promote', 'multiple', 'different'), ('multiple', 'different', 'affiliate'), ('different', 'affiliate', 'product'), ('affiliate', 'product', 'simultaneously'), ('product', 'simultaneously', 'mean'), ('simultaneously', 'mean', 'earn'), ('mean', 'earn', 'commission'), ('earn', 'commission', 'one'), ('commission', 'one', 'product'), ('one', 'product', 'fast'), ('product', 'fast', 'easy'), ('fast', 'easy', 'set'), ('easy', 'set', 'technicality'), ('set', 'technicality', 'require'), ('technicality', 'require', 'affiliate'), ('require', 'affiliate', 'system'), ('affiliate', 'system', 'take'), ('system', 'take', 'long'), ('take', 'long', 'minute'), ('long', 'minute', 'chance'), ('minute', 'chance', 'understand'), ('chance', 'understand', 'whole'), ('understand', 'whole', 'system'), ('whole', 'system', 'make'), ('system', 'make', 'run'), ('make', 'run', 'go'), ('run', 'go', 'bed'), ('go', 'bed', 'quick'), ('bed', 'quick', 'result'), ('quick', 'result', 'system'), ('result', 'system', 'set'), ('system', 'set', 'properly'), ('set', 'properly', 'do'), ('properly', 'do', 'everything'), ('do', 'everything', 'place'), ('everything', 'place', 'see'), ('place', 'see', 'result'), ('see', 'result', 'quickly'), ('result', 'quickly', 'detail'), ('quickly', 'detail', 'review'), ('detail', 'review', 'check'), ('review', 'check', 'full'), ('check', 'full', 'review')]"
13,ProductReviews,"Review of ""Brain Training for Dogs"" 2020 - Helping to develop your Dog's ""Hidden Intelligence"""," 

## WHAT IS “BRAIN TRAINING FOR DOGS” PROGRAM?

""Brain Training for Dogs"" course covers every conceivable problem that you can have with your dog and show you how to change it including Potty training, Dealing with aggression, Jumping, Digging, Whining, Chewing, Excessive barking, Impulse Control, Hyperactivity, Ignoring your commands, etc. This course is very easy to understand &amp; you will get troubleshooting guides, step-by-step guides, pictures and video demonstrations, which you can use with any dog to quickly, unlock his natural intelligence and eliminate bad behaviors. Quite literally creator of this program had compressed years of study of hundreds of problem dogs into a system for creating the wonderfully well-behaved pet you desire. It is very simple to use dog training program. Ask any successful dog trainer and they will tell you that simplicity is the key to training a well behaved dog. This system is so easy to follow; it virtually tells you everything you need to do to make any dog well behaved with no behavioral problems.

## 

https://preview.redd.it/syvsmprgvul41.jpg?width=835&amp;format=pjpg&amp;auto=webp&amp;s=5a3cb97e6a8cdd97f4008414f50c8eeb8e7aafe9

## TO WHOM THIS TRAINING  IS IMPORTANT?

Anybody who is having below issues with their Dogs:

·  Your dog doesn't listen to you

·  You need to train a new Puppy

·  Your dog barks uncontrollably

·  Your Dog is pulling on the leash

·  Your Dog is aggressive

·  Your Dog is chewing things he shouldn't

·  Your Dog is digging all the time

·  Your Dog is Jumping up

·  You're frustrated with your dog

·  You may even regret getting your Dog

·  You're worried you might have to give up your Dog because of behavior problems you can't handle

·  You feel helpless to control your dog

·  You tell your Dog ‘no’ with no success

·  Your Dog gets over excited and is hard to settle down

·  Your Dog is whining constantly

·  Your dog has a fear of certain sounds or stimuli or suffers from anxiety

·  You want a dog who obeys you

·  You want a better bond with your dog

·  You want less stress

For more details, read our full post :  [https://www.thebackpackersboat.com/post/review-of-brain-training-for-dogs-2020-helping-to-develop-your-dog-s-hidden-intelligence](https://www.thebackpackersboat.com/post/review-of-brain-training-for-dogs-2020-helping-to-develop-your-dog-s-hidden-intelligence)",brain training dog program brain train dog course cover every conceivable problem dog show change include potty training deal aggression jump dig whine chew excessive barking impulse control hyperactivity ignore command etc course easy understand amp get troubleshoot guide step step guide picture video demonstration use dog quickly unlock natural intelligence eliminate bad behavior quite literally creator program compress year study hundred problem dog system create wonderfully well behave pet desire simple use dog training program ask successful dog trainer tell simplicity key train well behave dog system easy follow virtually tell everything need make dog well behave behavioral problem train important anybody issue dog dog listen need train new puppy dog bark uncontrollably dog pull leash dog aggressive dog chew thing dog dig time dog jumping frustrate dog may even regret get dog worry might give dog behavior problem can't handle feel helpless control dog tell dog success dog get excite hard settle dog whine constantly dog fear certain sound stimuli suffers anxiety want dog obeys want good bond dog want less stress detail read full post,"[('brain', 'training'), ('training', 'dog'), ('dog', 'program'), ('program', 'brain'), ('brain', 'train'), ('train', 'dog'), ('dog', 'course'), ('course', 'cover'), ('cover', 'every'), ('every', 'conceivable'), ('conceivable', 'problem'), ('problem', 'dog'), ('dog', 'show'), ('show', 'change'), ('change', 'include'), ('include', 'potty'), ('potty', 'training'), ('training', 'deal'), ('deal', 'aggression'), ('aggression', 'jump'), ('jump', 'dig'), ('dig', 'whine'), ('whine', 'chew'), ('chew', 'excessive'), ('excessive', 'barking'), ('barking', 'impulse'), ('impulse', 'control'), ('control', 'hyperactivity'), ('hyperactivity', 'ignore'), ('ignore', 'command'), ('command', 'etc'), ('etc', 'course'), ('course', 'easy'), ('easy', 'understand'), ('understand', 'amp'), ('amp', 'get'), ('get', 'troubleshoot'), ('troubleshoot', 'guide'), ('guide', 'step'), ('step', 'step'), ('step', 'guide'), ('guide', 'picture'), ('picture', 'video'), ('video', 'demonstration'), ('demonstration', 'use'), ('use', 'dog'), ('dog', 'quickly'), ('quickly', 'unlock'), ('unlock', 'natural'), ('natural', 'intelligence'), ('intelligence', 'eliminate'), ('eliminate', 'bad'), ('bad', 'behavior'), ('behavior', 'quite'), ('quite', 'literally'), ('literally', 'creator'), ('creator', 'program'), ('program', 'compress'), ('compress', 'year'), ('year', 'study'), ('study', 'hundred'), ('hundred', 'problem'), ('problem', 'dog'), ('dog', 'system'), ('system', 'create'), ('create', 'wonderfully'), ('wonderfully', 'well'), ('well', 'behave'), ('behave', 'pet'), ('pet', 'desire'), ('desire', 'simple'), ('simple', 'use'), ('use', 'dog'), ('dog', 'training'), ('training', 'program'), ('program', 'ask'), ('ask', 'successful'), ('successful', 'dog'), ('dog', 'trainer'), ('trainer', 'tell'), ('tell', 'simplicity'), ('simplicity', 'key'), ('key', 'train'), ('train', 'well'), ('well', 'behave'), ('behave', 'dog'), ('dog', 'system'), ('system', 'easy'), ('easy', 'follow'), ('follow', 'virtually'), ('virtually', 'tell'), ('tell', 'everything'), ('everything', 'need'), ('need', 'make'), ('make', 'dog'), ('dog', 'well'), ('well', 'behave'), ('behave', 'behavioral'), ('behavioral', 'problem'), ('problem', 'train'), ('train', 'important'), ('important', 'anybody'), ('anybody', 'issue'), ('issue', 'dog'), ('dog', 'dog'), ('dog', 'listen'), ('listen', 'need'), ('need', 'train'), ('train', 'new'), ('new', 'puppy'), ('puppy', 'dog'), ('dog', 'bark'), ('bark', 'uncontrollably'), ('uncontrollably', 'dog'), ('dog', 'pull'), ('pull', 'leash'), ('leash', 'dog'), ('dog', 'aggressive'), ('aggressive', 'dog'), ('dog', 'chew'), ('chew', 'thing'), ('thing', 'dog'), ('dog', 'dig'), ('dig', 'time'), ('time', 'dog'), ('dog', 'jumping'), ('jumping', 'frustrate'), ('frustrate', 'dog'), ('dog', 'may'), ('may', 'even'), ('even', 'regret'), ('regret', 'get'), ('get', 'dog'), ('dog', 'worry'), ('worry', 'might'), ('might', 'give'), ('give', 'dog'), ('dog', 'behavior'), ('behavior', 'problem'), ('problem', ""can't""), (""can't"", 'handle'), ('handle', 'feel'), ('feel', 'helpless'), ('helpless', 'control'), ('control', 'dog'), ('dog', 'tell'), ('tell', 'dog'), ('dog', 'success'), ('success', 'dog'), ('dog', 'get'), ('get', 'excite'), ('excite', 'hard'), ('hard', 'settle'), ('settle', 'dog'), ('dog', 'whine'), ('whine', 'constantly'), ('constantly', 'dog'), ('dog', 'fear'), ('fear', 'certain'), ('certain', 'sound'), ('sound', 'stimuli'), ('stimuli', 'suffers'), ('suffers', 'anxiety'), ('anxiety', 'want'), ('want', 'dog'), ('dog', 'obeys'), ('obeys', 'want'), ('want', 'good'), ('good', 'bond'), ('bond', 'dog'), ('dog', 'want'), ('want', 'less'), ('less', 'stress'), ('stress', 'detail'), ('detail', 'read'), ('read', 'full'), ('full', 'post')]","[('brain', 'training', 'dog'), ('training', 'dog', 'program'), ('dog', 'program', 'brain'), ('program', 'brain', 'train'), ('brain', 'train', 'dog'), ('train', 'dog', 'course'), ('dog', 'course', 'cover'), ('course', 'cover', 'every'), ('cover', 'every', 'conceivable'), ('every', 'conceivable', 'problem'), ('conceivable', 'problem', 'dog'), ('problem', 'dog', 'show'), ('dog', 'show', 'change'), ('show', 'change', 'include'), ('change', 'include', 'potty'), ('include', 'potty', 'training'), ('potty', 'training', 'deal'), ('training', 'deal', 'aggression'), ('deal', 'aggression', 'jump'), ('aggression', 'jump', 'dig'), ('jump', 'dig', 'whine'), ('dig', 'whine', 'chew'), ('whine', 'chew', 'excessive'), ('chew', 'excessive', 'barking'), ('excessive', 'barking', 'impulse'), ('barking', 'impulse', 'control'), ('impulse', 'control', 'hyperactivity'), ('control', 'hyperactivity', 'ignore'), ('hyperactivity', 'ignore', 'command'), ('ignore', 'command', 'etc'), ('command', 'etc', 'course'), ('etc', 'course', 'easy'), ('course', 'easy', 'understand'), ('easy', 'understand', 'amp'), ('understand', 'amp', 'get'), ('amp', 'get', 'troubleshoot'), ('get', 'troubleshoot', 'guide'), ('troubleshoot', 'guide', 'step'), ('guide', 'step', 'step'), ('step', 'step', 'guide'), ('step', 'guide', 'picture'), ('guide', 'picture', 'video'), ('picture', 'video', 'demonstration'), ('video', 'demonstration', 'use'), ('demonstration', 'use', 'dog'), ('use', 'dog', 'quickly'), ('dog', 'quickly', 'unlock'), ('quickly', 'unlock', 'natural'), ('unlock', 'natural', 'intelligence'), ('natural', 'intelligence', 'eliminate'), ('intelligence', 'eliminate', 'bad'), ('eliminate', 'bad', 'behavior'), ('bad', 'behavior', 'quite'), ('behavior', 'quite', 'literally'), ('quite', 'literally', 'creator'), ('literally', 'creator', 'program'), ('creator', 'program', 'compress'), ('program', 'compress', 'year'), ('compress', 'year', 'study'), ('year', 'study', 'hundred'), ('study', 'hundred', 'problem'), ('hundred', 'problem', 'dog'), ('problem', 'dog', 'system'), ('dog', 'system', 'create'), ('system', 'create', 'wonderfully'), ('create', 'wonderfully', 'well'), ('wonderfully', 'well', 'behave'), ('well', 'behave', 'pet'), ('behave', 'pet', 'desire'), ('pet', 'desire', 'simple'), ('desire', 'simple', 'use'), ('simple', 'use', 'dog'), ('use', 'dog', 'training'), ('dog', 'training', 'program'), ('training', 'program', 'ask'), ('program', 'ask', 'successful'), ('ask', 'successful', 'dog'), ('successful', 'dog', 'trainer'), ('dog', 'trainer', 'tell'), ('trainer', 'tell', 'simplicity'), ('tell', 'simplicity', 'key'), ('simplicity', 'key', 'train'), ('key', 'train', 'well'), ('train', 'well', 'behave'), ('well', 'behave', 'dog'), ('behave', 'dog', 'system'), ('dog', 'system', 'easy'), ('system', 'easy', 'follow'), ('easy', 'follow', 'virtually'), ('follow', 'virtually', 'tell'), ('virtually', 'tell', 'everything'), ('tell', 'everything', 'need'), ('everything', 'need', 'make'), ('need', 'make', 'dog'), ('make', 'dog', 'well'), ('dog', 'well', 'behave'), ('well', 'behave', 'behavioral'), ('behave', 'behavioral', 'problem'), ('behavioral', 'problem', 'train'), ('problem', 'train', 'important'), ('train', 'important', 'anybody'), ('important', 'anybody', 'issue'), ('anybody', 'issue', 'dog'), ('issue', 'dog', 'dog'), ('dog', 'dog', 'listen'), ('dog', 'listen', 'need'), ('listen', 'need', 'train'), ('need', 'train', 'new'), ('train', 'new', 'puppy'), ('new', 'puppy', 'dog'), ('puppy', 'dog', 'bark'), ('dog', 'bark', 'uncontrollably'), ('bark', 'uncontrollably', 'dog'), ('uncontrollably', 'dog', 'pull'), ('dog', 'pull', 'leash'), ('pull', 'leash', 'dog'), ('leash', 'dog', 'aggressive'), ('dog', 'aggressive', 'dog'), ('aggressive', 'dog', 'chew'), ('dog', 'chew', 'thing'), ('chew', 'thing', 'dog'), ('thing', 'dog', 'dig'), ('dog', 'dig', 'time'), ('dig', 'time', 'dog'), ('time', 'dog', 'jumping'), ('dog', 'jumping', 'frustrate'), ('jumping', 'frustrate', 'dog'), ('frustrate', 'dog', 'may'), ('dog', 'may', 'even'), ('may', 'even', 'regret'), ('even', 'regret', 'get'), ('regret', 'get', 'dog'), ('get', 'dog', 'worry'), ('dog', 'worry', 'might'), ('worry', 'might', 'give'), ('might', 'give', 'dog'), ('give', 'dog', 'behavior'), ('dog', 'behavior', 'problem'), ('behavior', 'problem', ""can't""), ('problem', ""can't"", 'handle'), (""can't"", 'handle', 'feel'), ('handle', 'feel', 'helpless'), ('feel', 'helpless', 'control'), ('helpless', 'control', 'dog'), ('control', 'dog', 'tell'), ('dog', 'tell', 'dog'), ('tell', 'dog', 'success'), ('dog', 'success', 'dog'), ('success', 'dog', 'get'), ('dog', 'get', 'excite'), ('get', 'excite', 'hard'), ('excite', 'hard', 'settle'), ('hard', 'settle', 'dog'), ('settle', 'dog', 'whine'), ('dog', 'whine', 'constantly'), ('whine', 'constantly', 'dog'), ('constantly', 'dog', 'fear'), ('dog', 'fear', 'certain'), ('fear', 'certain', 'sound'), ('certain', 'sound', 'stimuli'), ('sound', 'stimuli', 'suffers'), ('stimuli', 'suffers', 'anxiety'), ('suffers', 'anxiety', 'want'), ('anxiety', 'want', 'dog'), ('want', 'dog', 'obeys'), ('dog', 'obeys', 'want'), ('obeys', 'want', 'good'), ('want', 'good', 'bond'), ('good', 'bond', 'dog'), ('bond', 'dog', 'want'), ('dog', 'want', 'less'), ('want', 'less', 'stress'), ('less', 'stress', 'detail'), ('stress', 'detail', 'read'), ('detail', 'read', 'full'), ('read', 'full', 'post')]"
